,date,open,volume,ticker,change
0,1993-01-25,5.032968521118164,17407200,MRO,
1,1993-02-01,5.182093620300293,14154700,MRO,2.9629650683568767
2,1993-02-08,5.666749954223633,5682900,MRO,9.352519839177566
3,1993-02-15,5.480343818664551,6399800,MRO,-3.2894716912671753
4,1993-02-22,5.368500232696533,7426800,MRO,-2.0408133078641697
5,1993-03-01,5.592187404632568,8723600,MRO,4.166660375158068
6,1993-03-08,5.592187404632568,9530400,MRO,0.0
7,1993-03-15,5.741312503814697,11114300,MRO,2.666668485726957
8,1993-03-22,5.965000152587892,8366500,MRO,3.8961064847901863
9,1993-03-29,5.890437602996826,6596600,MRO,-1.2500007993917095
10,1993-04-05,5.62946891784668,5628000,MRO,-4.43037856843396
11,1993-04-12,5.853156089782715,6389400,MRO,3.9735039876833964
12,1993-04-19,5.62946891784668,6299600,MRO,-3.8216505506576888
13,1993-04-26,5.517624855041504,7767700,MRO,-1.9867604642172372
14,1993-05-03,5.44306230545044,13377100,MRO,-1.3513522856294786
15,1993-05-10,5.741312503814697,7753900,MRO,5.479455894995037
16,1993-05-17,5.741312503814697,6867700,MRO,0.0
17,1993-05-24,5.554906368255615,6777000,MRO,-3.2467512513075767
18,1993-05-31,5.554906368255615,7132800,MRO,0.0
19,1993-06-07,5.62946891784668,6496000,MRO,1.3422827433629458
20,1993-06-14,5.480343818664551,11922900,MRO,-2.649008305372624
21,1993-06-21,5.2566561698913565,6326000,MRO,-4.081635316590455
22,1993-06-28,5.1075310707092285,7503100,MRO,-2.836881362647885
23,1993-07-05,5.032968521118164,5268200,MRO,-1.4598550367841567
24,1993-07-12,4.958406448364258,7160200,MRO,-1.481473059905826
25,1993-07-19,4.995687484741211,7658800,MRO,0.7518753608682457
26,1993-07-26,5.2566561698913565,6900000,MRO,5.223879314853988
27,1993-08-02,5.219375133514403,6342100,MRO,-0.7092158051060745
28,1993-08-09,5.293937683105469,3832300,MRO,1.4285723421619543
29,1993-08-16,5.44306230545044,14210600,MRO,2.8168941772940146
30,1993-08-23,5.890437602996826,12920700,MRO,8.219183842492564
31,1993-08-30,6.002281188964844,8923500,MRO,1.8987313592986013
32,1993-09-06,6.002281188964844,5786600,MRO,0.0
33,1993-09-13,5.77859354019165,7400000,MRO,-3.726710591040648
34,1993-09-20,5.554906368255615,5692600,MRO,-3.870962205253434
35,1993-09-27,5.592187404632568,7560500,MRO,0.6711370796455087
36,1993-10-04,6.039562702178955,9300700,MRO,8.000005457180869
37,1993-10-11,5.815875053405763,7945500,MRO,-3.703706043030075
38,1993-10-18,5.666749954223633,6589900,MRO,-2.5641042459260284
39,1993-10-25,5.62946891784668,6007700,MRO,-0.6578909723935539
40,1993-11-01,5.405781269073486,9728600,MRO,-3.9735124580589365
41,1993-11-08,5.331218719482422,5051900,MRO,-1.3793112573318003
42,1993-11-15,5.368500232696533,6284000,MRO,0.6993056405258643
43,1993-11-22,5.2566561698913565,8405800,MRO,-2.083339069708836
44,1993-11-29,5.1075310707092285,11524900,MRO,-2.836881362647885
45,1993-12-06,5.070250034332275,7942800,MRO,-0.729922850411095
46,1993-12-13,5.14481258392334,9417600,MRO,1.4705892034155656
47,1993-12-20,5.032968521118164,11256400,MRO,-2.173919088027995
48,1993-12-27,4.9211249351501465,12111800,MRO,-2.2222190641313513
49,1994-01-03,4.958406448364258,16814300,MRO,0.7575811162163443
50,1994-01-10,5.219375133514403,6362900,MRO,5.2631563763038685
51,1994-01-17,5.070250034332275,5965100,MRO,-2.8571446843238575
52,1994-01-24,5.032968521118164,12282000,MRO,-0.735299304011959
53,1994-01-31,5.517624855041504,7042400,MRO,9.629631735023544
54,1994-02-07,5.219375133514403,5097800,MRO,-5.405400500445168
55,1994-02-14,5.219375133514403,5430700,MRO,0.0
56,1994-02-21,5.1075310707092285,3997400,MRO,-2.142863081195431
57,1994-02-28,5.14481258392334,7215800,MRO,0.7299321863730618
58,1994-03-07,5.070250034332275,7185700,MRO,-1.4492763025821325
59,1994-03-14,5.1075310707092285,9361000,MRO,0.7352898994036069
60,1994-03-21,5.219375133514403,5936000,MRO,2.1897872231572015
61,1994-03-28,5.14481258392334,7158200,MRO,-1.4285723421619203
62,1994-04-04,4.846562385559082,8810100,MRO,-5.79710521032853
63,1994-04-11,4.9211249351501465,13370100,MRO,1.538462598010346
64,1994-04-18,5.219375133514403,9874300,MRO,6.0606101713440275
65,1994-04-25,5.293937683105469,9577300,MRO,1.4285723421619543
66,1994-05-02,5.070250034332275,12261700,MRO,-4.225354776786422
67,1994-05-09,5.219375133514403,5969200,MRO,2.941178406831114
68,1994-05-16,5.1075310707092285,5262100,MRO,-2.142863081195431
69,1994-05-23,5.219375133514403,5844800,MRO,2.1897872231572015
70,1994-05-30,5.032968521118164,4418900,MRO,-3.571435423357368
71,1994-06-06,5.070250034332275,8230000,MRO,0.7407460042255256
72,1994-06-13,5.182093620300293,7422600,MRO,2.2058791028191727
73,1994-06-20,5.182093620300293,5722900,MRO,0.0
74,1994-06-27,4.995687484741211,6180800,MRO,-3.597120183797068
75,1994-07-04,5.070250034332275,4579800,MRO,1.4925383106691066
76,1994-07-11,5.219375133514403,7858600,MRO,2.941178406831114
77,1994-07-18,5.293937683105469,4595200,MRO,1.4285723421619543
78,1994-07-25,5.182093620300293,5701300,MRO,-2.112681892008353
79,1994-08-01,5.219375133514403,8019500,MRO,0.7194295577382881
80,1994-08-08,5.2566561698913565,5267200,MRO,0.7142816031284264
81,1994-08-15,5.2566561698913565,6235400,MRO,0.0
82,1994-08-22,5.070250034332275,7469400,MRO,-3.5460971677539597
83,1994-08-29,5.182093620300293,11732600,MRO,2.2058791028191727
84,1994-09-05,5.14481258392334,9243800,MRO,-0.7194203561068192
85,1994-09-12,5.293937683105469,7226900,MRO,2.898552605164265
86,1994-09-19,5.2566561698913565,10872200,MRO,-0.7042302997462291
87,1994-09-26,5.219375133514403,5429500,MRO,-0.7092158051060745
88,1994-10-03,5.2566561698913565,8766500,MRO,0.7142816031284264
89,1994-10-10,5.331218719482422,8691000,MRO,1.4184406813239676
90,1994-10-17,5.219375133514403,9014700,MRO,-2.097899033091569
91,1994-10-24,5.14481258392334,24094000,MRO,-1.4285723421619203
92,1994-10-31,5.480343818664551,22693200,MRO,6.5217387274648
93,1994-11-07,5.554906368255615,8591200,MRO,1.3605451055301458
94,1994-11-14,5.554906368255615,14134500,MRO,0.0
95,1994-11-21,5.480343818664551,10650200,MRO,-1.3422827433629458
96,1994-11-28,5.368500232696533,7898400,MRO,-2.0408133078641697
97,1994-12-05,5.2566561698913565,8634100,MRO,-2.083339069708836
98,1994-12-12,5.070250034332275,12797700,MRO,-3.5460971677539597
99,1994-12-19,5.032968521118164,10054700,MRO,-0.735299304011959
100,1994-12-26,4.995687484741211,6942300,MRO,-0.740736529952913
101,1995-01-02,4.9211249351501465,5291700,MRO,-1.4925383106691066
102,1995-01-09,4.995687484741211,6353900,MRO,1.5151525428360113
103,1995-01-16,4.995687484741211,14612900,MRO,0.0
104,1995-01-23,4.9211249351501465,12073200,MRO,-1.4925383106691066
105,1995-01-30,4.9211249351501465,13910900,MRO,0.0
106,1995-02-06,4.7719998359680185,12159600,MRO,-3.0303050856720044
107,1995-02-13,4.7347187995910645,5572500,MRO,-0.7812455502608251
108,1995-02-20,4.809281349182129,6606700,MRO,1.5748041805039064
109,1995-02-27,4.846562385559082,3742900,MRO,0.7751893405715009
110,1995-03-06,4.846562385559082,11819600,MRO,0.0
111,1995-03-13,5.182093620300293,8341100,MRO,6.923076771712807
112,1995-03-20,4.9211249351501465,7215800,MRO,-5.035970097642192
113,1995-03-27,5.070250034332275,9063000,MRO,3.0303050856720226
114,1995-04-03,5.182093620300293,25155200,MRO,2.2058791028191727
115,1995-04-10,5.2566561698913565,6095600,MRO,1.4388499138451072
116,1995-04-17,5.2566561698913565,14363100,MRO,0.0
117,1995-04-24,5.44306230545044,15438100,MRO,3.5460971677540103
118,1995-05-01,5.62946891784668,14578700,MRO,3.4246643146006255
119,1995-05-08,5.62946891784668,11808300,MRO,0.0
120,1995-05-15,5.666749954223633,9264100,MRO,0.6622478411553864
121,1995-05-22,5.405781269073486,14119100,MRO,-4.605262050703986
122,1995-05-29,5.815875053405763,10554700,MRO,7.586207504887882
123,1995-06-05,5.890437602996826,11491500,MRO,1.282052122962991
124,1995-06-12,5.853156089782715,11543200,MRO,-0.6329158498367581
125,1995-06-19,5.890437602996826,15784900,MRO,0.6369471895545386
126,1995-06-26,5.927718639373777,7561200,MRO,0.6329077547309064
127,1995-07-03,5.815875053405763,6498100,MRO,-1.8867897208399091
128,1995-07-10,5.853156089782715,7362700,MRO,0.6410219620368314
129,1995-07-17,5.853156089782715,9040800,MRO,0.0
130,1995-07-24,5.815875053405763,10577200,MRO,-0.6369390428871378
131,1995-07-31,5.927718639373777,10081800,MRO,1.9230740849998225
132,1995-08-07,6.002281188964844,8880900,MRO,1.2578624952911457
133,1995-08-14,6.039562702178955,7820700,MRO,0.6211224039728954
134,1995-08-21,6.002281188964844,7337500,MRO,-0.6172882881182918
135,1995-08-28,6.151406288146973,7741900,MRO,2.484473727360432
136,1995-09-04,6.225968837738037,7590100,MRO,1.2121220107788622
137,1995-09-11,6.26324987411499,10259600,MRO,0.5987989556095776
138,1995-09-18,6.225968837738037,7070300,MRO,-0.595234696463727
139,1995-09-25,6.151406288146973,6498600,MRO,-1.197605570061829
140,1995-10-02,5.890437602996826,13199400,MRO,-4.242423161887421
141,1995-10-09,5.666749954223633,7928900,MRO,-3.797470813703039
142,1995-10-16,5.62946891784668,6750000,MRO,-0.6578909723935539
143,1995-10-23,5.62946891784668,14628300,MRO,0.0
144,1995-10-30,5.405781269073486,26643200,MRO,-3.9735124580589365
145,1995-11-06,5.592187404632568,12813300,MRO,3.4482737328924666
146,1995-11-13,5.44306230545044,15841900,MRO,-2.666668485726941
147,1995-11-20,5.62946891784668,3903600,MRO,3.4246643146006255
148,1995-11-27,5.592187404632568,7448100,MRO,-0.6622563115309255
149,1995-12-04,5.517624855041504,13255000,MRO,-1.3333342428634785
150,1995-12-11,5.666749954223633,19047900,MRO,2.7027045712589888
151,1995-12-18,5.77859354019165,10003800,MRO,1.9736813318303645
152,1995-12-25,5.62946891784668,7793600,MRO,-2.5806387195737064
153,1996-01-01,5.77859354019165,13978000,MRO,2.6489998349970847
154,1996-01-08,6.076843738555907,9653100,MRO,5.161293942718893
155,1996-01-15,5.77859354019165,6917500,MRO,-4.907978733630111
156,1996-01-22,5.741312503814697,15509000,MRO,-0.6451576169469894
157,1996-01-29,5.666749954223633,8560000,MRO,-1.2987021615967236
158,1996-02-05,5.666749954223633,10524200,MRO,0.0
159,1996-02-12,5.666749954223633,14967400,MRO,0.0
160,1996-02-19,5.517624855041504,15859400,MRO,-2.6315807188736215
161,1996-02-26,5.62946891784668,14229700,MRO,2.0270327494806546
162,1996-03-04,5.44306230545044,11863200,MRO,-3.3112646169035336
163,1996-03-11,5.44306230545044,10451400,MRO,0.0
164,1996-03-18,5.741312503814697,9451200,MRO,5.479455894995037
165,1996-03-25,5.741312503814697,10607900,MRO,0.0
166,1996-04-01,5.741312503814697,10237500,MRO,0.0
167,1996-04-08,6.002281188964844,14584100,MRO,4.545453412904299
168,1996-04-15,5.927718639373777,10158000,MRO,-1.2422368636802308
169,1996-04-22,6.039562702178955,22501700,MRO,1.8867977650334662
170,1996-04-29,6.486937522888184,17884400,MRO,7.407404190833626
171,1996-05-06,6.26324987411499,18526500,MRO,-3.4482781433295013
172,1996-05-13,6.524218559265138,17023700,MRO,4.166665715009858
173,1996-05-20,6.561500072479247,18377900,MRO,0.5714326225501064
174,1996-05-27,6.74790620803833,7834900,MRO,2.8409073154006657
175,1996-06-03,6.486937522888184,12166000,MRO,-3.8674023779297935
176,1996-06-10,6.375093936920166,12127600,MRO,-1.7241353963005548
177,1996-06-17,6.039562702178955,14491900,MRO,-5.263157501069034
178,1996-06-24,6.076843738555907,15658700,MRO,0.6172803928917233
179,1996-07-01,6.002281188964844,8700900,MRO,-1.226994683407517
180,1996-07-08,6.114124774932861,10646600,MRO,1.863351323387536
181,1996-07-15,6.375093936920166,12998200,MRO,4.268299578334503
182,1996-07-22,6.26324987411499,6278100,MRO,-1.754390820148575
183,1996-07-29,6.114124774932861,9394200,MRO,-2.380954012364078
184,1996-08-05,6.114124774932861,6155400,MRO,0.0
185,1996-08-12,6.188687324523926,8750400,MRO,1.2195130511035934
186,1996-08-19,6.188687324523926,14890900,MRO,0.0
187,1996-08-26,6.039562702178955,9410700,MRO,-2.40963252019591
188,1996-09-02,6.375093936920166,14540700,MRO,5.555555116931858
189,1996-09-09,6.375093936920166,18983800,MRO,0.0
190,1996-09-16,6.486937522888184,13885700,MRO,1.7543833404602298
191,1996-09-23,6.486937522888184,13258800,MRO,0.0
192,1996-09-30,6.412374973297119,16834600,MRO,-1.1494260477765001
193,1996-10-07,6.561500072479247,8912100,MRO,2.3255829517632027
194,1996-10-14,6.710625171661378,24315900,MRO,2.272728759199482
195,1996-10-21,6.934312343597412,16728400,MRO,3.333328359340552
196,1996-10-28,7.083437442779541,23197000,MRO,2.150539113223232
197,1996-11-04,6.412374973297119,21224200,MRO,-9.473683856225277
198,1996-11-11,6.710625171661378,14520100,MRO,4.651165903526447
199,1996-11-18,6.598781108856201,11293300,MRO,-1.66667128537425
200,1996-11-25,6.9715938568115225,11303700,MRO,5.649721392560979
201,1996-12-02,6.897031307220459,20733400,MRO,-1.0695194115218432
202,1996-12-09,7.1579999923706055,24959900,MRO,3.7837828121345485
203,1996-12-16,7.269843578338622,19598700,MRO,1.5624977100758006
204,1996-12-23,7.23256254196167,14936000,MRO,-0.5128175864476038
205,1996-12-30,7.418968677520753,8249200,MRO,2.577317990374743
206,1997-01-06,7.23256254196167,27624200,MRO,-2.512561296071889
207,1997-01-13,7.903625011444093,18148900,MRO,9.278350039686103
208,1997-01-20,8.127312660217285,11883700,MRO,2.83019055748853
209,1997-01-27,8.015468597412111,16009600,MRO,-1.3761506106765657
210,1997-02-03,7.940906047821045,13960900,MRO,-0.9302331945401124
211,1997-02-10,8.127312660217285,15857000,MRO,2.347422463805494
212,1997-02-17,8.052749633789062,10362300,MRO,-0.9174376518477536
213,1997-02-24,7.940906047821045,16802500,MRO,-1.3888869150820946
214,1997-03-03,7.866343975067139,18023300,MRO,-0.9389617797375377
215,1997-03-10,8.201874732971191,13707100,MRO,4.265396465849169
216,1997-03-17,8.052749633789062,19004000,MRO,-1.8181830866381352
217,1997-03-24,8.35099983215332,9217000,MRO,3.703706335446096
218,1997-03-31,8.127312660217285,17941800,MRO,-2.6785675539686493
219,1997-04-07,8.052749633789062,10942200,MRO,-0.9174376518477536
220,1997-04-14,7.791781425476074,14088600,MRO,-3.2407341613847596
221,1997-04-21,7.978187561035156,10037900,MRO,2.3923429749916614
222,1997-04-28,7.754499912261963,13568300,MRO,-2.8037401610569592
223,1997-05-05,8.239156723022461,9915600,MRO,6.250007302135945
224,1997-05-12,8.35099983215332,14536800,MRO,1.3574582070800898
225,1997-05-19,8.611968994140625,9194900,MRO,3.125004996198321
226,1997-05-26,8.686531066894531,14889700,MRO,0.8657958801829927
227,1997-06-02,8.83565616607666,17639000,MRO,1.7167393754045677
228,1997-06-09,9.059343338012695,10597200,MRO,2.531641880711165
229,1997-06-16,9.022062301635742,12438600,MRO,-0.4115202944182849
230,1997-06-23,8.83565616607666,12710400,MRO,-2.0661144794498445
231,1997-06-30,8.705171585083008,8868300,MRO,-1.4767955943626545
232,1997-07-07,9.152546882629396,10497700,MRO,5.139189884700274
233,1997-07-14,8.947500228881836,9646700,MRO,-2.240323446326378
234,1997-07-21,8.854296684265137,12075700,MRO,-1.0416713297848867
235,1997-07-28,8.872937202453613,10756300,MRO,0.21052511400032936
236,1997-08-04,9.283031463623047,13658100,MRO,4.621854655480162
237,1997-08-11,9.37623405456543,13427800,MRO,1.0040102881005109
238,1997-08-18,9.357593536376953,14634800,MRO,-0.19880602467896172
239,1997-08-25,9.823609352111816,10460500,MRO,4.980081833254044
240,1997-09-01,9.786328315734863,8809400,MRO,-0.3795044676622721
241,1997-09-08,10.14050006866455,12198200,MRO,3.6190463011570486
242,1997-09-15,10.215062141418457,16055100,MRO,0.7352898994036069
243,1997-09-22,10.718358993530273,14658600,MRO,4.927007248160792
244,1997-09-29,11.035249710083008,10517000,MRO,2.956522698521418
245,1997-10-06,11.296218872070312,10270300,MRO,2.364868660369822
246,1997-10-13,11.333499908447266,9523700,MRO,0.330031108631666
247,1997-10-20,10.699718475341797,18247600,MRO,-5.59210692394402
248,1997-10-27,10.662437438964844,16399000,MRO,-0.3484300681636598
249,1997-11-03,10.662437438964844,10822100,MRO,0.0
250,1997-11-10,10.662437438964844,11370700,MRO,0.0
251,1997-11-17,10.62515640258789,10192600,MRO,-0.34964834814142215
252,1997-11-24,10.88612461090088,7605200,MRO,2.4561352174489213
253,1997-12-01,10.215062141418457,20475500,MRO,-6.164383501640717
254,1997-12-08,10.550593376159668,14343200,MRO,3.284671498773861
255,1997-12-15,10.065937042236328,14280600,MRO,-4.5936405341758215
256,1997-12-22,9.469437599182127,5630400,MRO,-5.9259206624411584
257,1997-12-29,9.37623405456543,7974700,MRO,-0.9842563894686568
258,1998-01-05,10.28962516784668,18357400,MRO,9.741556236392222
259,1998-01-12,9.245750427246094,19840800,MRO,-10.144924849765337
260,1998-01-19,9.80496883392334,10514200,MRO,6.048383103974968
261,1998-01-26,9.450797080993652,18253600,MRO,-3.6121660244785287
262,1998-02-02,10.08457851409912,18201600,MRO,6.7061161897132955
263,1998-02-09,10.010015487670898,12611900,MRO,-0.7393767257994498
264,1998-02-16,9.71176528930664,11826400,MRO,-2.9795178512121745
265,1998-02-23,9.637203216552734,14482300,MRO,-0.7677499458929935
266,1998-03-02,10.308265686035156,18863800,MRO,6.9632491336263795
267,1998-03-09,10.513312339782717,13531300,MRO,1.9891479322786743
268,1998-03-16,10.662437438964844,13171600,MRO,1.4184406813239334
269,1998-03-23,12.07912540435791,16114800,MRO,13.28671772756122
270,1998-03-30,11.240297317504883,9676500,MRO,-6.944443896164823
271,1998-04-06,11.482625007629395,8290100,MRO,2.155883276745064
272,1998-04-13,11.053890228271484,9887100,MRO,-3.7337697527616385
273,1998-04-20,11.44534397125244,8963400,MRO,3.5413210634186614
274,1998-04-27,10.606515884399414,12495600,MRO,-7.32898975303784
275,1998-05-04,11.072531700134276,12044000,MRO,4.393674801546289
276,1998-05-11,10.737000465393066,11753900,MRO,-3.030302769303792
277,1998-05-18,10.755640983581543,8067800,MRO,0.1736101087874374
278,1998-05-25,10.382827758789062,9903800,MRO,-3.466211129225853
279,1998-06-01,10.28962516784668,15358700,MRO,-0.8976609562215536
280,1998-06-08,10.476031303405762,8819900,MRO,1.811593061150268
281,1998-06-15,9.842249870300293,11437900,MRO,-6.049823781067036
282,1998-06-22,10.010015487670898,10439300,MRO,1.7045453994909283
283,1998-06-29,10.252344131469727,13484800,MRO,2.420861826810344
284,1998-07-06,10.718358993530273,9961600,MRO,4.545446934717176
285,1998-07-13,10.513312339782717,12141900,MRO,-1.9130414821086454
286,1998-07-20,10.364187240600586,7923700,MRO,-1.4184406813239672
287,1998-07-27,10.438750267028807,12302500,MRO,0.7194295577382881
288,1998-08-03,10.177781105041504,15608500,MRO,-2.5000038827596445
289,1998-08-10,9.4135160446167,23325400,MRO,-7.509152068973368
290,1998-08-17,8.798375129699707,14429000,MRO,-6.534656253852909
291,1998-08-24,8.817015647888184,14489600,MRO,0.21186318966503048
292,1998-08-31,8.649250030517576,23791500,MRO,-1.9027483229066264
293,1998-09-07,9.245750427246094,14229800,MRO,6.896556286659024
294,1998-09-14,10.326906204223633,12503000,MRO,11.693542730631206
295,1998-09-21,9.543999671936037,14579800,MRO,-7.581230203944261
296,1998-09-28,10.587875366210938,26501800,MRO,10.937507650428767
297,1998-10-05,10.587875366210938,22474900,MRO,0.0
298,1998-10-12,10.699718475341797,10646900,MRO,1.0563319387738925
299,1998-10-19,10.494671821594238,11151100,MRO,-1.9163742879787167
300,1998-10-26,9.74904727935791,10809400,MRO,-7.1047914114103365
301,1998-11-02,9.655843734741213,30973700,MRO,-0.9560272090796138
302,1998-11-09,9.432156562805176,19982900,MRO,-2.316598922694061
303,1998-11-16,9.394874572753906,15858600,MRO,-0.39526474993309135
304,1998-11-23,9.04070281982422,12341900,MRO,-3.769840141951654
305,1998-11-30,8.77973461151123,22504600,MRO,-2.8865920439365143
306,1998-12-07,8.313718795776367,13233400,MRO,-5.307857655786812
307,1998-12-14,8.201874732971191,18884600,MRO,-1.345295234931402
308,1998-12-21,8.239156723022461,10314600,MRO,0.45455449229671224
309,1998-12-28,8.35099983215332,13034500,MRO,1.3574582070800898
310,1999-01-04,8.984781265258789,18990200,MRO,7.589288059440029
311,1999-01-11,9.208468437194824,15934400,MRO,2.4896229004590267
312,1999-01-18,8.723812103271483,12345400,MRO,-5.263158984893936
313,1999-01-25,8.164593696594237,39792600,MRO,-6.4102527663054065
314,1999-02-01,6.859749794006348,41566500,MRO,-15.981737133253663
315,1999-02-08,7.269843578338622,18210100,MRO,5.9782615495770814
316,1999-02-15,6.859749794006348,22236500,MRO,-5.641026246482092
317,1999-02-22,6.26324987411499,24551600,MRO,-8.695651267230541
318,1999-03-01,6.2073283195495605,43657400,MRO,-0.8928520446955905
319,1999-03-08,6.02092170715332,37768400,MRO,-3.0030087470831086
320,1999-03-15,7.083437442779541,26828100,MRO,17.647061152844255
321,1999-03-22,7.754499912261963,29409900,MRO,9.473683856225277
322,1999-03-29,8.611968994140625,15900800,MRO,11.057696712624516
323,1999-04-05,8.425562858581543,16302500,MRO,-2.164500774281796
324,1999-04-12,8.35099983215332,20532500,MRO,-0.8849619625385533
325,1999-04-19,8.649250030517576,28759800,MRO,3.571431018546095
326,1999-04-26,8.015468597412111,37175600,MRO,-7.327588298052003
327,1999-05-03,9.171187400817873,17982700,MRO,14.418605591928824
328,1999-05-10,9.171187400817873,15937500,MRO,0.0
329,1999-05-17,8.593328475952147,19090700,MRO,-6.30080816813528
330,1999-05-24,9.2271089553833,28724600,MRO,7.375261881408888
331,1999-05-31,8.854296684265137,14042400,MRO,-4.04040174361068
332,1999-06-07,9.208468437194824,16120100,MRO,3.999998707509788
333,1999-06-14,9.432156562805176,19092100,MRO,2.429156673946245
334,1999-06-21,9.693124771118164,23799900,MRO,2.7667925842335133
335,1999-06-28,9.469437599182127,18508400,MRO,-2.307688977681788
336,1999-07-05,9.693124771118164,16268000,MRO,2.362201235217567
337,1999-07-12,9.786328315734863,16161100,MRO,0.961542813256778
338,1999-07-19,9.80496883392334,13752700,MRO,0.1904750953276886
339,1999-07-26,9.26439094543457,13451800,MRO,-5.513305525444121
340,1999-08-02,9.04070281982422,11288600,MRO,-2.41449359086667
341,1999-08-09,9.26439094543457,13989300,MRO,2.47423380757359
342,1999-08-16,9.52535915374756,7371400,MRO,2.8168954640412003
343,1999-08-23,9.357593536376953,14148300,MRO,-1.7612524069982518
344,1999-08-30,8.872937202453613,12577500,MRO,-5.179283883610398
345,1999-09-06,9.208468437194824,15010400,MRO,3.7815125598818313
346,1999-09-13,9.562640190124512,12925800,MRO,3.8461526511739765
347,1999-09-20,9.543999671936037,9017700,MRO,-0.1949306657770637
348,1999-09-27,8.798375129699707,15543800,MRO,-7.812495472195223
349,1999-10-04,8.481484413146973,22465500,MRO,-3.6016959027245985
350,1999-10-11,8.052749633789062,22134900,MRO,-5.054949799746578
351,1999-10-18,8.145953178405763,14145300,MRO,1.1574126708922143
352,1999-10-25,8.77973461151123,12606300,MRO,7.780322562933067
353,1999-11-01,8.742453575134277,17457500,MRO,-0.42462600552952295
354,1999-11-08,8.183234214782715,18582500,MRO,-6.396595138258693
355,1999-11-15,8.574687957763674,14127400,MRO,4.783606734288648
356,1999-11-22,8.817015647888184,10078900,MRO,2.826081734030941
357,1999-11-29,7.978187561035156,21790800,MRO,-9.513741614533032
358,1999-12-06,7.735859394073486,24507700,MRO,-3.037383680288262
359,1999-12-13,7.698578357696532,25095100,MRO,-0.4819249481901825
360,1999-12-20,8.201874732971191,14856200,MRO,6.537523577603084
361,1999-12-27,7.847702980041504,17312100,MRO,-4.318180470446982
362,2000-01-03,7.4376091957092285,36052400,MRO,-5.225653740658092
363,2000-01-10,7.866343975067139,24260900,MRO,5.764416603190822
364,2000-01-17,7.829062461853027,20336700,MRO,-0.4739369818085425
365,2000-01-24,7.754499912261963,31433500,MRO,-0.952381590444184
366,2000-01-31,7.269843578338622,21140300,MRO,-6.250001152968846
367,2000-02-07,7.213922023773192,17069000,MRO,-0.769226379671424
368,2000-02-14,6.859749794006348,16154300,MRO,-4.90956554007216
369,2000-02-21,7.0088748931884775,20454800,MRO,2.173914554615777
370,2000-02-28,6.281890392303468,26904300,MRO,-10.372342379681001
371,2000-03-06,6.934312343597412,27863200,MRO,10.385758275777745
372,2000-03-13,7.307125091552733,30915100,MRO,5.376347783058067
373,2000-03-20,7.325765609741211,39942700,MRO,0.25510057587527113
374,2000-03-27,6.74790620803833,40357900,MRO,-7.888041093404492
375,2000-04-03,7.791781425476074,20582800,MRO,15.469616578165319
376,2000-04-10,7.2512030601501465,22981100,MRO,-6.937801971169892
377,2000-04-17,7.456250190734862,19450900,MRO,2.827767046155111
378,2000-04-24,7.120718955993652,20874400,MRO,-4.499999680243311
379,2000-05-01,6.878390789031982,24798000,MRO,-3.4031418520976375
380,2000-05-08,7.083437442779541,31810000,MRO,2.981026522577317
381,2000-05-15,7.4376091957092285,25296700,MRO,4.999998317070059
382,2000-05-22,7.642656326293945,28641600,MRO,2.756895733416713
383,2000-05-29,7.642656326293945,23613200,MRO,0.0
384,2000-06-05,7.829062461853027,14224700,MRO,2.439022868498832
385,2000-06-12,8.034109115600586,29982200,MRO,2.6190448057688247
386,2000-06-19,8.313718795776367,17683400,MRO,3.4802823331442787
387,2000-06-26,8.052749633789062,17316500,MRO,-3.139018391142665
388,2000-07-03,7.605374813079834,14535500,MRO,-5.555553581748762
389,2000-07-10,7.4376091957092285,14554400,MRO,-2.2058823068401536
390,2000-07-17,7.754499912261963,13910900,MRO,4.260652962722877
391,2000-07-24,7.3444061279296875,24844000,MRO,-5.288462041037708
392,2000-07-31,7.3444061279296875,20731600,MRO,0.0
393,2000-08-07,7.624015808105469,14179400,MRO,3.8071108174760115
394,2000-08-14,7.866343975067139,12591200,MRO,3.1784845816300487
395,2000-08-21,8.071390151977539,17081600,MRO,2.606626122126198
396,2000-08-28,8.071390151977539,15969000,MRO,0.0
397,2000-09-04,8.295078277587889,14287700,MRO,2.7713704999819004
398,2000-09-11,8.537405967712402,18777300,MRO,2.92134301829614
399,2000-09-18,8.761094093322754,18118800,MRO,2.620094750751191
400,2000-09-25,7.903625011444093,18423200,MRO,-9.787237447114958
401,2000-10-02,8.649250030517576,15592300,MRO,9.433962491816757
402,2000-10-09,8.201874732971191,21848100,MRO,-5.1724172149942325
403,2000-10-16,8.593328475952147,16547300,MRO,4.772734962743671
404,2000-10-23,8.425562858581543,21818500,MRO,-1.9522774887528682
405,2000-10-30,7.940906047821045,18779000,MRO,-5.752218800039797
406,2000-11-06,8.220515251159668,18298500,MRO,3.5211246884774163
407,2000-11-13,8.183234214782715,17802600,MRO,-0.4535121611956609
408,2000-11-20,8.332359313964844,13611100,MRO,1.8223247101096025
409,2000-11-27,8.332359313964844,38259500,MRO,0.0
410,2000-12-04,8.127312660217285,22666600,MRO,-2.460847474543076
411,2000-12-11,7.866343975067139,24468200,MRO,-3.2110083130869658
412,2000-12-18,7.661296844482423,22009800,MRO,-2.606638245602092
413,2000-12-25,8.127312660217285,21003300,MRO,6.0827275746466025
414,2001-01-01,8.462843894958496,23798900,MRO,4.128440097839677
415,2001-01-08,8.44420337677002,24295200,MRO,-0.22026305128446397
416,2001-01-15,8.201874732971191,11797600,MRO,-2.8697632326747784
417,2001-01-22,8.015468597412111,24734700,MRO,-2.2727259514185882
418,2001-01-29,8.1690673828125,18135600,MRO,1.9162795478979242
419,2001-02-05,8.35099983215332,20640100,MRO,2.2270895907114356
420,2001-02-12,8.589599609375,20934900,MRO,2.8571402468841427
421,2001-02-19,8.649250030517576,15210500,MRO,0.6944493789614096
422,2001-02-26,8.306262969970701,25976700,MRO,-3.965512146564116
423,2001-03-05,8.485212326049805,22495900,MRO,2.1543906896043596
424,2001-03-12,8.944517135620117,22721000,MRO,5.4130031391228215
425,2001-03-19,8.574687957763674,36214000,MRO,-4.1347025473701375
426,2001-03-26,7.948362350463867,22581500,MRO,-7.304354518612192
427,2001-04-02,7.996082305908202,21627500,MRO,0.6003746852526183
428,2001-04-09,8.327139854431152,20902100,MRO,4.140246884131446
429,2001-04-16,8.550827026367188,25010000,MRO,2.686242525601436
430,2001-04-23,9.096625328063963,59159100,MRO,6.382988452622901
431,2001-04-30,9.499262809753418,25420300,MRO,4.426229147278162
432,2001-05-07,9.245750427246094,19070900,MRO,-2.6687584877326387
433,2001-05-14,9.543999671936037,27009300,MRO,3.2257981332812014
434,2001-05-21,9.976462364196776,18407200,MRO,4.531252170223639
435,2001-05-28,9.693124771118164,15538100,MRO,-2.840060762374495
436,2001-06-04,9.663299560546877,22796000,MRO,-0.3076944873355505
437,2001-06-11,9.543999671936037,16808700,MRO,-1.2345668046752376
438,2001-06-18,9.603650093078613,22169800,MRO,0.6250044341260547
439,2001-06-25,9.036974906921387,24928800,MRO,-5.900622999224343
440,2001-07-02,8.798375129699707,22287400,MRO,-2.6402615884098224
441,2001-07-09,8.768549919128418,20719600,MRO,-0.33898543914786466
442,2001-07-16,8.649250030517576,19437000,MRO,-1.3605429599093835
443,2001-07-23,8.500124931335451,23179700,MRO,-1.7241390716647098
444,2001-07-30,8.977325439453125,13228200,MRO,5.6140411108369594
445,2001-08-06,8.8341646194458,12634200,MRO,-1.5946934415251097
446,2001-08-13,8.947500228881836,15446500,MRO,1.2829239018996808
447,2001-08-20,9.117502212524414,14227100,MRO,1.899994180428461
448,2001-08-27,9.260662078857422,22173700,MRO,1.5701654136848333
449,2001-09-03,9.400839805603027,21652800,MRO,1.5136901179629325
450,2001-09-10,9.573824882507324,5518800,MRO,1.8401023789512447
451,2001-09-17,9.767687797546387,32277700,MRO,2.0249264783741374
452,2001-09-24,8.276437759399414,34546300,MRO,-15.267175497988072
453,2001-10-01,7.939414978027344,24394400,MRO,-4.072075344121559
454,2001-10-08,8.634337425231934,17629700,MRO,8.752816789748568
455,2001-10-15,8.855042457580566,19809000,MRO,2.556131657580017
456,2001-10-22,8.440475463867188,24817900,MRO,-4.6817053187416295
457,2001-10-29,8.500124931335451,19034700,MRO,0.7067074328172243
458,2001-11-05,8.216787338256836,23659800,MRO,-3.333334455286648
459,2001-11-12,8.276437759399414,25559400,MRO,0.725957952749362
460,2001-11-19,7.829062461853027,20219100,MRO,-5.405408831091733
461,2001-11-26,8.255559921264647,28248900,MRO,5.447618555730279
462,2001-12-03,8.097487449645996,20406900,MRO,-1.9147395588697498
463,2001-12-10,8.201874732971191,17909200,MRO,1.2891317704945486
464,2001-12-17,8.23169994354248,16512800,MRO,0.36363894283087456
465,2001-12-24,8.649250030517576,11024500,MRO,5.072464859492981
466,2001-12-31,8.935569763183594,25319400,MRO,3.3103417250719005
467,2002-01-07,8.875920295715332,25183700,MRO,-0.6675508003309418
468,2002-01-14,8.380825042724611,35208200,MRO,-5.5779596537129565
469,2002-01-21,8.186962127685549,24258600,MRO,-2.313172200240056
470,2002-01-28,8.574687957763674,32070100,MRO,4.7358937788043125
471,2002-02-04,8.461352348327638,19275200,MRO,-1.3217461672575395
472,2002-02-11,8.216787338256836,27111600,MRO,-2.8903773298028432
473,2002-02-18,8.300297737121582,20607000,MRO,1.0163388125664032
474,2002-02-25,8.318192481994629,21272600,MRO,0.21559160213031708
475,2002-03-04,8.416614532470701,23144400,MRO,1.183214390495466
476,2002-03-11,8.440475463867188,26468100,MRO,0.2834979706440443
477,2002-03-18,8.828200340270996,22447000,MRO,4.593637859189558
478,2002-03-25,8.476264953613281,20237800,MRO,-3.986490712635001
479,2002-04-01,8.589599609375,24677900,MRO,1.3370825048762331
480,2002-04-08,8.47029972076416,26038600,MRO,-1.3888876552596423
481,2002-04-15,8.491177558898926,25789500,MRO,0.2464828733697053
482,2002-04-22,8.887849807739258,22961700,MRO,4.6715811333448265
483,2002-04-29,8.553810119628906,17879100,MRO,-3.7583858338771705
484,2002-05-06,8.649250030517576,20116100,MRO,1.1157590541980678
485,2002-05-13,8.395737648010254,18151800,MRO,-2.9310331140022803
486,2002-05-20,8.446439743041992,11811100,MRO,0.6039028035107126
487,2002-05-27,8.440475463867188,14819600,MRO,-0.0706129370036404
488,2002-06-03,8.246612548828125,23713400,MRO,-2.296824579005884
489,2002-06-10,7.8708176612854,18909700,MRO,-4.5569606346563045
490,2002-06-17,7.978187561035156,19313400,MRO,1.3641517866419615
491,2002-06-24,7.879765033721924,24929800,MRO,-1.2336451927242265
492,2002-07-01,8.052749633789062,12950700,MRO,2.195301501083354
493,2002-07-08,7.924502372741699,23070700,MRO,-1.5925896976759608
494,2002-07-15,7.247475147247314,27097100,MRO,-8.543466752223956
495,2002-07-22,6.803082466125487,35180900,MRO,-6.131689617322969
496,2002-07-29,6.680799961090088,24313900,MRO,-1.7974573385561532
497,2002-08-05,6.650975227355957,19469600,MRO,-0.44642458848991545
498,2002-08-12,7.217649936676025,17373500,MRO,8.520174710458898
499,2002-08-19,7.5308122634887695,22459000,MRO,4.338840613776929
500,2002-08-26,7.277299880981445,24271100,MRO,-3.3663351792264775
501,2002-09-02,7.2355451583862305,23282000,MRO,-0.5737666892680482
502,2002-09-09,7.381687641143799,26189900,MRO,2.019785372884924
503,2002-09-16,7.417477607727051,17803200,MRO,0.48484802287985007
504,2002-09-23,6.910452365875244,25612500,MRO,-6.8355479944236075
505,2002-09-30,6.770275115966798,19204900,MRO,-2.028481530393882
506,2002-10-07,6.5883426666259775,26884500,MRO,-2.6872238753157416
507,2002-10-14,6.299039840698242,14367800,MRO,-4.391132042861593
508,2002-10-21,6.564482688903809,24047700,MRO,4.214020786001924
509,2002-10-28,6.1857051849365225,25881800,MRO,-5.770104392346832
510,2002-11-04,6.221495151519775,23487100,MRO,0.5785915350509889
511,2002-11-11,6.114124774932861,42870200,MRO,-1.725796998502616
512,2002-11-18,5.636925220489503,23564900,MRO,-7.804871048752822
513,2002-11-25,5.965000152587892,15509900,MRO,5.820104387865184
514,2002-12-02,5.9948248863220215,25848600,MRO,0.4999955234064936
515,2002-12-09,6.182722568511963,30437900,MRO,3.13433145676456
516,2002-12-16,6.397462368011475,21502800,MRO,3.4732239255431216
517,2002-12-23,6.427287578582764,11459900,MRO,0.46620376730030927
518,2002-12-30,6.379567623138428,16440700,MRO,-0.7424586944475625
519,2003-01-06,6.4690423011779785,26661200,MRO,1.4025194703639448
520,2003-01-13,6.5286927223205575,19678500,MRO,0.9220904480979665
521,2003-01-20,6.448164939880371,22144000,MRO,-1.2334442110420485
522,2003-01-27,6.170792579650879,29736500,MRO,-4.301570490450855
523,2003-02-03,6.319917678833008,30772600,MRO,2.4166279656504974
524,2003-02-10,6.555534839630128,24443700,MRO,3.7281681941247604
525,2003-02-17,6.427287578582764,16493400,MRO,-1.956320333652594
526,2003-02-24,6.692729949951173,20290900,MRO,4.129928342601716
527,2003-03-03,6.916417598724365,19295300,MRO,3.342248237205872
528,2003-03-10,7.05361270904541,31136900,MRO,1.983615193309736
529,2003-03-17,6.6658873558044425,35991600,MRO,-5.4968335976790526
530,2003-03-24,6.964137554168701,26388600,MRO,4.474276003247368
531,2003-03-31,7.038700103759767,23363100,MRO,1.0706645153272791
532,2003-04-07,7.217649936676025,23592400,MRO,2.5423704700910847
533,2003-04-14,6.889575004577638,18246900,MRO,-4.545453644562284
534,2003-04-21,6.934312343597412,22765900,MRO,0.6493483123421937
535,2003-04-28,6.8209776878356925,24543200,MRO,-1.634403674740204
536,2003-05-05,6.89852237701416,20412100,MRO,1.1368559278057504
537,2003-05-12,7.0088748931884775,17685900,MRO,1.5996543918160113
538,2003-05-19,7.262387275695801,19995100,MRO,3.61701965537575
539,2003-05-26,7.465197563171388,22612100,MRO,2.7926118475436965
540,2003-06-02,7.682919979095459,26584500,MRO,2.916499048842023
541,2003-06-09,7.846957683563232,15136100,MRO,2.135095834840209
542,2003-06-16,8.002047538757324,18468500,MRO,1.976432924048431
543,2003-06-23,8.005029678344728,18644600,MRO,0.03726720658631866
544,2003-06-30,7.855905055999756,12807300,MRO,-1.862886564285772
545,2003-07-07,7.912572383880615,17419000,MRO,0.721334174444752
546,2003-07-14,7.894677639007567,18381300,MRO,-0.22615584420437906
547,2003-07-21,7.918537616729736,17208900,MRO,0.3022286509113027
548,2003-07-28,7.840992450714111,19674400,MRO,-0.9792864512229249
549,2003-08-04,7.599410057067871,20822100,MRO,-3.0810180619959446
550,2003-08-11,7.739587306976317,31323200,MRO,1.8445806826554092
551,2003-08-18,8.082574844360353,16498600,MRO,4.431599822833879
552,2003-08-25,8.064680099487305,19907600,MRO,-0.22139906177961072
553,2003-09-01,8.327139854431152,22612300,MRO,3.254434791040664
554,2003-09-08,8.708900451660156,27621900,MRO,4.584534472852118
555,2003-09-15,8.500124931335451,16065200,MRO,-2.39726612427757
556,2003-09-22,8.440475463867188,19630400,MRO,-0.7017481266465574
557,2003-09-29,8.440475463867188,16403700,MRO,0.0
558,2003-10-06,8.640302658081055,19025400,MRO,2.3674874131120567
559,2003-10-13,9.007149696350098,15392500,MRO,4.245766066145152
560,2003-10-20,8.947500228881836,14463500,MRO,-0.662245765632529
561,2003-10-27,8.786444664001465,21319100,MRO,-1.8000062672308883
562,2003-11-03,8.858024597167969,15782800,MRO,0.8146632216301405
563,2003-11-10,8.869955062866211,14232100,MRO,0.13468539816491953
564,2003-11-17,8.798375129699707,18358900,MRO,-0.806993188343998
565,2003-11-24,8.720829963684082,9520300,MRO,-0.8813578061006322
566,2003-12-01,8.84311294555664,19927400,MRO,1.4021943138643722
567,2003-12-08,9.036974906921387,22374900,MRO,2.1922366315829436
568,2003-12-15,9.215925216674805,27706400,MRO,1.9802014678203936
569,2003-12-22,9.606632232666016,9464600,MRO,4.239476849099062
570,2003-12-29,9.809442520141602,13324600,MRO,2.1111486581734416
571,2004-01-05,9.991374969482422,21734000,MRO,1.8546665518174017
572,2004-01-12,10.143482208251953,23685900,MRO,1.5223854497917098
573,2004-01-19,10.11365795135498,19899300,MRO,-0.2940238498442867
574,2004-01-26,10.209097862243652,27108900,MRO,0.9436735091074073
575,2004-02-02,9.687159538269043,21768700,MRO,-5.112482327208322
576,2004-02-09,9.62154483795166,20663000,MRO,-0.6773368401560075
577,2004-02-16,9.98839282989502,17493200,MRO,3.812776410876842
578,2004-02-23,10.155412673950195,15163500,MRO,1.6721393211056879
579,2004-03-01,10.483487129211426,24338700,MRO,3.230537899289699
580,2004-03-08,10.596822738647461,14944200,MRO,1.081086932612663
581,2004-03-15,10.331379890441896,22315000,MRO,-2.504928644672646
582,2004-03-22,9.940672874450684,85302100,MRO,-3.7817505515664602
583,2004-03-29,9.394874572753906,69304700,MRO,-5.490556912898493
584,2004-04-05,9.827337265014648,26793800,MRO,4.6031768589537965
585,2004-04-12,10.065937042236328,33937400,MRO,2.427918883694932
586,2004-04-19,10.25979995727539,28786600,MRO,1.9259301367137542
587,2004-04-26,10.17032527923584,35115400,MRO,-0.872089888810189
588,2004-05-03,10.056989669799805,29657400,MRO,-1.1143754631666094
589,2004-05-10,9.982427597045898,31923700,MRO,-0.7413955388440852
590,2004-05-17,9.95856761932373,25637700,MRO,-0.23901979243234234
591,2004-05-24,9.699090003967283,31699200,MRO,-2.6055716572426886
592,2004-05-31,10.039094924926758,37031900,MRO,3.5055342389894313
593,2004-06-07,9.961549758911133,25396600,MRO,-0.7724318436623483
594,2004-06-14,10.215062141418457,39224700,MRO,2.544909061770675
595,2004-06-21,11.065074920654297,41051900,MRO,8.321170908881106
596,2004-06-28,11.187357902526855,31624300,MRO,1.1051256566216527
597,2004-07-05,11.354377746582033,37629900,MRO,1.4929337696209153
598,2004-07-12,11.094900131225586,25266100,MRO,-2.285264953727268
599,2004-07-19,11.214200019836426,28188900,MRO,1.075267800519278
600,2004-07-26,11.094900131225586,30683100,MRO,-1.063828792065544
601,2004-08-02,11.241042137145996,34494700,MRO,1.317199832282463
602,2004-08-09,10.56401538848877,28873200,MRO,-6.022811234022452
603,2004-08-16,10.49839973449707,36290000,MRO,-0.6211241803301257
604,2004-08-23,10.2955904006958,39392200,MRO,-1.9318118849566284
605,2004-08-30,10.662437438964844,29326500,MRO,3.5631471726405373
606,2004-09-06,11.005425453186037,29259800,MRO,3.216788057932952
607,2004-09-13,11.202269554138184,31490500,MRO,1.7886096433933039
608,2004-09-20,11.542275428771973,31911900,MRO,3.0351516984180127
609,2004-09-27,12.108949661254885,31582600,MRO,4.909553891517233
610,2004-10-04,12.514570236206055,32477500,MRO,3.3497585364405134
611,2004-10-11,12.368427276611328,25306200,MRO,-1.1677824874234881
612,2004-10-18,12.025440216064453,26513800,MRO,-2.773085477047376
613,2004-10-25,12.019474983215332,49223900,MRO,-0.04960511001628285
614,2004-11-01,11.44087028503418,33849900,MRO,-4.8138932772783205
615,2004-11-08,11.458765029907227,38092700,MRO,0.15641069627766882
616,2004-11-15,11.309639930725098,30854300,MRO,-1.3014063801196234
617,2004-11-22,11.539292335510256,21693000,MRO,2.030589887846538
618,2004-11-29,11.93000030517578,30737100,MRO,3.385891944718177
619,2004-12-06,11.25893783569336,30405100,MRO,-5.624999600304139
620,2004-12-13,10.975600242614746,39583700,MRO,-2.5165570430664386
621,2004-12-20,11.127707481384276,28665600,MRO,1.3858671544809524
622,2004-12-27,11.124725341796877,22358600,MRO,-0.02679922699610554
623,2005-01-03,11.205252647399902,36554700,MRO,0.7238588201407111
624,2005-01-10,11.085952758789062,38960700,MRO,-1.064678257286082
625,2005-01-17,11.536310195922852,24880900,MRO,4.062415264910279
626,2005-01-24,11.482625007629395,39211700,MRO,-0.46535839780409494
627,2005-01-31,11.393150329589846,44701200,MRO,-0.7792179748106325
628,2005-02-07,12.108949661254885,29621800,MRO,6.28271646522554
629,2005-02-14,12.699484825134276,34810500,MRO,4.8768487804432095
630,2005-02-21,13.421250343322756,30977800,MRO,5.6834236043968716
631,2005-02-28,14.017749786376953,53264400,MRO,4.444440181022058
632,2005-03-07,14.545652389526367,48015300,MRO,3.7659582400482865
633,2005-03-14,13.838800430297852,39380400,MRO,-4.859541121287115
634,2005-03-21,13.92529296875,31591800,MRO,0.6250002584240378
635,2005-03-28,13.61809539794922,40382600,MRO,-2.206040271398003
636,2005-04-04,14.629162788391113,39119700,MRO,7.424440502848524
637,2005-04-11,14.241437911987305,54250900,MRO,-2.650355881687812
638,2005-04-18,13.063349723815918,43657000,MRO,-8.272255901770748
639,2005-04-25,14.876709938049315,52462900,MRO,13.88128047224704
640,2005-05-02,13.88950252532959,40255900,MRO,-6.635925663878144
641,2005-05-09,14.46512508392334,45990000,MRO,4.144299319172993
642,2005-05-16,13.41230297088623,39018800,MRO,-7.278347798092839
643,2005-05-23,13.570375442504885,27368500,MRO,1.1785632337845209
644,2005-05-30,14.509862899780273,25922400,MRO,6.923076382490813
645,2005-06-06,14.987062454223633,37257700,MRO,3.288794372072156
646,2005-06-13,15.422507286071776,39476900,MRO,2.905471523710281
647,2005-06-20,16.49322509765625,53857300,MRO,6.942566417533487
648,2005-06-27,16.415679931640625,58050300,MRO,-0.4701637524285318
649,2005-07-04,16.639368057250973,57930400,MRO,1.3626491655651578
650,2005-07-11,16.403749465942386,55119300,MRO,-1.4160308882999353
651,2005-07-18,16.314275741577152,40203900,MRO,-0.5454467867300739
652,2005-07-25,17.17919921875,46529300,MRO,5.301635762895554
653,2005-08-01,17.596750259399414,42981400,MRO,2.4305617237017882
654,2005-08-08,18.03517723083496,46161600,MRO,2.4915223832386797
655,2005-08-15,18.80764579772949,45820700,MRO,4.283121574063762
656,2005-08-22,18.059038162231445,35277500,MRO,-3.9803367393723317
657,2005-08-29,18.115705490112305,62869800,MRO,0.31378929138858047
658,2005-09-05,19.266950607299805,32112800,MRO,6.354956023191362
659,2005-09-12,20.25117492675781,49815300,MRO,5.108355439937155
660,2005-09-19,20.57030296325684,54269600,MRO,1.5758494885023573
661,2005-09-26,20.355562210083008,43015200,MRO,-1.0439357823625965
662,2005-10-03,20.713462829589844,80086300,MRO,1.7582448267115511
663,2005-10-10,18.595888137817386,57451700,MRO,-10.223180494704316
664,2005-10-17,18.014299392700195,67172200,MRO,-3.1275126028234577
665,2005-10-24,17.04200553894043,55032800,MRO,-5.397344812386994
666,2005-10-31,17.895000457763672,48645900,MRO,5.005249627892542
667,2005-11-07,18.16342544555664,51622500,MRO,1.4999998934144407
668,2005-11-14,17.25376319885254,50572700,MRO,-5.008208663232265
669,2005-11-21,17.69815444946289,25815800,MRO,2.5756192749875333
670,2005-11-28,17.865175247192386,41945100,MRO,0.9437187261893543
671,2005-12-05,18.22307586669922,53290300,MRO,2.0033423381227595
672,2005-12-12,18.491500854492188,56195500,MRO,1.472994952973266
673,2005-12-19,18.479570388793945,31728800,MRO,-0.06451864449577055
674,2005-12-26,18.44378089904785,27293700,MRO,-0.1936705723840668
675,2006-01-02,18.536237716674805,46439300,MRO,0.5012899368790817
676,2006-01-09,19.923099517822266,55350600,MRO,7.481894774687042
677,2006-01-16,21.509790420532227,47561600,MRO,7.964076580004943
678,2006-01-23,21.620141983032227,56341000,MRO,0.5130294639907957
679,2006-01-30,22.74156188964844,56706600,MRO,5.186922026212038
680,2006-02-06,21.55751037597656,63429400,MRO,-5.20655317966899
681,2006-02-13,19.773975372314453,62843400,MRO,-8.273381167658657
682,2006-02-20,21.423297882080078,37506600,MRO,8.34087470380307
683,2006-02-27,21.444175720214844,41170600,MRO,0.09745389458561972
684,2006-03-06,21.471017837524414,50484600,MRO,0.12517206377984946
685,2006-03-13,20.868553161621094,54533500,MRO,-2.80594371660577
686,2006-03-20,22.74156188964844,60244500,MRO,8.975268738189083
687,2006-03-27,23.12928771972656,54628400,MRO,1.7049217285933376
688,2006-04-03,22.8668270111084,44000400,MRO,-1.1347548259962732
689,2006-04-10,23.576662063598643,29185700,MRO,3.1042131562258706
690,2006-04-17,24.04789733886719,50134600,MRO,1.998736182405235
691,2006-04-24,25.56002426147461,63236300,MRO,6.287979781764359
692,2006-05-01,23.91964912414551,50150600,MRO,-6.417737012094922
693,2006-05-08,23.830175399780273,51552200,MRO,-0.3740595186027179
694,2006-05-15,22.368749618530273,65587000,MRO,-6.1326690078138295
695,2006-05-22,21.90646171569824,68561600,MRO,-2.0666685027806624
696,2006-05-29,22.845949172973643,41265200,MRO,4.288631680770967
697,2006-06-05,23.71087455749512,62791100,MRO,3.785902603445674
698,2006-06-12,22.070499420166016,55583400,MRO,-6.918239702004474
699,2006-06-19,22.189800262451172,43760300,MRO,0.5405443710809118
700,2006-06-26,22.88174057006836,55175700,MRO,3.118280919310793
701,2006-07-03,25.023174285888672,48252900,MRO,9.358701141037868
702,2006-07-10,25.372127532958984,57070700,MRO,1.394520307789639
703,2006-07-17,26.0372257232666,55371800,MRO,2.6213733532737415
704,2006-07-24,25.08282470703125,57814000,MRO,-3.6655249924822395
705,2006-07-31,26.702322006225586,75381800,MRO,6.456598561406668
706,2006-08-07,26.344423294067386,63316500,MRO,-1.340328051151343
707,2006-08-14,26.395124435424805,65393500,MRO,0.19245492980230067
708,2006-08-21,26.308631896972656,55441800,MRO,-0.32768376850713804
709,2006-08-28,26.970746994018555,68402100,MRO,2.5167218867131145
710,2006-09-04,25.05299949645996,70134600,MRO,-7.110472312776145
711,2006-09-11,22.875774383544922,95949700,MRO,-8.690476815850674
712,2006-09-18,21.894533157348643,88586800,MRO,-4.289433921424384
713,2006-09-25,20.96995735168457,95531100,MRO,-4.22286147422944
714,2006-10-02,22.926477432250977,101666600,MRO,9.330109965193772
715,2006-10-09,23.23367500305176,99247400,MRO,1.3399248607143022
716,2006-10-16,24.721942901611328,68166000,MRO,6.405649981606791
717,2006-10-23,25.500375747680664,69358000,MRO,3.1487527059153564
718,2006-10-30,25.625640869140625,77652400,MRO,0.4912285320789996
719,2006-11-06,26.243017196655273,60193500,MRO,2.4092132199437657
720,2006-11-13,26.132665634155273,64932500,MRO,-0.42049876229195376
721,2006-11-20,26.46073913574219,37831500,MRO,1.2554153723917358
722,2006-11-27,27.54338836669922,85710800,MRO,4.091530570643149
723,2006-12-04,28.43813705444336,61491700,MRO,3.248506232537165
724,2006-12-11,27.88637542724609,60903300,MRO,-1.9402172024874542
725,2006-12-18,28.46497917175293,54550700,MRO,2.0748617761974213
726,2006-12-25,27.489702224731445,22753500,MRO,-3.4262345359075312
727,2007-01-01,27.289875030517567,59109300,MRO,-0.726916547077377
728,2007-01-08,25.94775009155273,80518400,MRO,-4.9180325577305855
729,2007-01-15,25.5898494720459,49166700,MRO,-1.379312727477465
730,2007-01-22,26.10880470275879,54052800,MRO,2.027972971391615
731,2007-01-29,26.33547592163086,64868200,MRO,0.8681792270946784
732,2007-02-05,26.80670928955078,50596300,MRO,1.7893482134980918
733,2007-02-12,27.06618690490723,43868700,MRO,0.967957732348718
734,2007-02-19,26.96179962158203,36297600,MRO,-0.38567413907229375
735,2007-02-26,27.671634674072266,59634000,MRO,2.632743594467021
736,2007-03-05,26.20424461364746,64808500,MRO,-5.302867278020688
737,2007-03-12,27.94900703430176,71639700,MRO,6.658319850004793
738,2007-03-19,28.035499572753906,84372300,MRO,0.30946551462809674
739,2007-03-26,30.28430557250977,72589900,MRO,8.021280284020152
740,2007-04-02,29.52376747131348,50965100,MRO,-2.511327523675031
741,2007-04-09,30.67799568176269,67622300,MRO,3.9094882168094163
742,2007-04-16,30.42448234558105,65948500,MRO,-0.8263686415874555
743,2007-04-23,29.830965042114247,62102000,MRO,-1.9507885022503964
744,2007-04-30,30.689924240112305,61462400,MRO,2.8794214226237855
745,2007-05-07,30.98519325256348,57559100,MRO,0.962104077354656
746,2007-05-14,32.181175231933594,77067300,MRO,3.8598499922900023
747,2007-05-21,34.50752639770508,77163200,MRO,7.228919233077077
748,2007-05-28,35.590171813964844,59714800,MRO,3.1374182077906534
749,2007-06-04,37.8121337890625,66877600,MRO,6.243189796082425
750,2007-06-11,37.34090042114258,59746900,MRO,-1.246249075888519
751,2007-06-18,39.60760116577149,55431600,MRO,6.070289465611005
752,2007-06-25,36.80405044555664,48366400,MRO,-7.078314863051218
753,2007-07-02,36.02859878540039,28821800,MRO,-2.1069736911249954
754,2007-07-09,38.18196487426758,46858200,MRO,5.976824415774338
755,2007-07-16,38.772499084472656,52402500,MRO,1.546631275131322
756,2007-07-23,37.04861450195313,61464500,MRO,-4.446152874396207
757,2007-07-30,33.123645782470696,85403300,MRO,-10.59410391520989
758,2007-08-06,29.99798583984375,99039800,MRO,-9.436340320608885
759,2007-08-13,31.882925033569336,70206200,MRO,6.283552515122476
760,2007-08-20,31.363969802856445,65470300,MRO,-1.6276901512846949
761,2007-08-27,31.912750244140625,46079000,MRO,1.7497161384022248
762,2007-09-03,32.24679183959961,48762100,MRO,1.0467339633954504
763,2007-09-10,32.34223175048828,64891400,MRO,0.2959671503553108
764,2007-09-17,33.19522476196289,58429600,MRO,2.637396881128129
765,2007-09-24,34.69840621948242,41168800,MRO,4.5283063100147105
766,2007-10-01,34.01242828369141,42120000,MRO,-1.97697246222752
767,2007-10-08,34.78191375732422,48053700,MRO,2.262365589468263
768,2007-10-15,35.37245178222656,73653900,MRO,1.6978307433644042
769,2007-10-22,34.101905822753906,51089600,MRO,-3.591908096433004
770,2007-10-29,36.80405044555664,51094800,MRO,7.923734928033774
771,2007-11-05,35.19350051879883,53055300,MRO,-4.3760127139817415
772,2007-11-12,35.44999313354492,59020100,MRO,0.7288067710374153
773,2007-11-19,34.155590057373054,32975300,MRO,-3.6513493001131936
774,2007-11-26,33.55908966064453,52886900,MRO,-1.7464209979290288
775,2007-12-03,33.123645782470696,42050500,MRO,-1.2975437730198316
776,2007-12-10,35.36051940917969,41252000,MRO,6.753102123476888
777,2007-12-17,34.567176818847656,41615900,MRO,-2.2435829665049467
778,2007-12-24,36.53562545776367,17811100,MRO,5.694560042412039
779,2007-12-31,37.16194915771485,33125200,MRO,1.7142821345024701
780,2008-01-07,35.479820251464844,63321600,MRO,-4.526481910599126
781,2008-01-14,32.83135986328125,66832600,MRO,-7.4646950559853735
782,2008-01-21,26.34740447998047,74965800,MRO,-19.74927450553904
783,2008-01-28,29.341835021972656,78879800,MRO,11.36518226783
784,2008-02-04,29.371660232543945,71104300,MRO,0.10164739372624251
785,2008-02-11,29.53271484375,61518500,MRO,0.5483333592004629
786,2008-02-18,31.167125701904297,43428000,MRO,5.534238443033581
787,2008-02-25,30.749574661254893,59788000,MRO,-1.3397162274219543
788,2008-03-03,31.620464324951172,67892700,MRO,2.832200683392297
789,2008-03-10,30.51693916320801,67666400,MRO,-3.4899081506288567
790,2008-03-17,28.035499572753906,65722300,MRO,-8.131351500172046
791,2008-03-24,27.92216491699219,55495600,MRO,-0.404254097443866
792,2008-03-31,27.68952941894531,66676500,MRO,-0.8331570948687809
793,2008-04-07,29.38359069824219,56549300,MRO,6.118057312082008
794,2008-04-14,26.83653450012207,61164200,MRO,-8.66829457392521
795,2008-04-21,29.10919952392578,52078700,MRO,8.468548812788676
796,2008-04-28,27.975849151611328,79372500,MRO,-3.893443965653938
797,2008-05-05,30.308164596557607,59470400,MRO,8.336888836891482
798,2008-05-12,31.37590026855469,55455700,MRO,3.522930821480197
799,2008-05-19,32.837326049804695,83002600,MRO,4.657797126907183
800,2008-05-26,30.86887550354004,63454200,MRO,-5.994551880622336
801,2008-06-02,30.5050106048584,97646500,MRO,-1.1787436139029837
802,2008-06-09,29.830965042114247,77573700,MRO,-2.209622450145262
803,2008-06-16,30.72571563720703,77332500,MRO,2.999402110624317
804,2008-06-23,30.272375106811523,73285900,MRO,-1.4754433574414103
805,2008-06-30,30.606414794921875,51839500,MRO,1.1034472416906265
806,2008-07-07,30.54080009460449,88395900,MRO,-0.2143821834639481
807,2008-07-14,27.98777961730957,73816700,MRO,-8.359376536916429
808,2008-07-21,26.22213935852051,73560800,MRO,-6.308611411592885
809,2008-07-28,25.643535614013672,97442200,MRO,-2.206546676439771
810,2008-08-04,28.321819305419922,69671300,MRO,10.444284016524703
811,2008-08-11,27.462860107421875,56348900,MRO,-3.032853181976444
812,2008-08-18,27.295839309692386,49659800,MRO,-0.6081697138469239
813,2008-08-25,26.78881454467773,37529700,MRO,-1.8575166686104347
814,2008-09-01,26.09687423706055,43276600,MRO,-2.582944857314157
815,2008-09-08,26.609865188598643,75343000,MRO,1.9657179893582046
816,2008-09-15,24.79054069519043,90618000,MRO,-6.837030103360769
817,2008-09-22,26.084945678710927,71152000,MRO,5.22136648585333
818,2008-09-29,23.74666404724121,73749800,MRO,-8.964103894523717
819,2008-10-06,20.525564193725586,112375500,MRO,-13.564430974841871
820,2008-10-13,16.28445053100586,110914200,MRO,-20.662592378416488
821,2008-10-20,15.986200332641602,106346700,MRO,-1.8315029899006086
822,2008-10-27,13.67177963256836,78321200,MRO,-14.477616018282443
823,2008-11-03,18.2886905670166,72299100,MRO,33.76964125028774
824,2008-11-10,17.817455291748047,64978800,MRO,-2.5766485224394406
825,2008-11-17,15.46127986907959,89819800,MRO,-13.223972694684932
826,2008-11-24,14.089329719543455,48042200,MRO,-8.873457832425917
827,2008-12-01,14.98408031463623,82663300,MRO,6.350554731156992
828,2008-12-08,14.2802095413208,76874700,MRO,-4.69745729157564
829,2008-12-15,15.365839958190918,75676500,MRO,7.60234234468877
830,2008-12-22,15.473210334777832,25920600,MRO,0.6987602166823246
831,2008-12-29,14.98408031463623,38300000,MRO,-3.1611411566106953
832,2009-01-05,17.006214141845707,69455900,MRO,13.495214819652865
833,2009-01-12,16.821300506591793,65895800,MRO,-1.0873298061025385
834,2009-01-19,16.630420684814453,54886600,MRO,-1.134750679369528
835,2009-01-26,17.417800903320312,68502700,MRO,4.7345778764624455
836,2009-02-02,16.039884567260742,79644400,MRO,-7.910966164488087
837,2009-02-09,16.296379089355472,70324800,MRO,1.5991045385592433
838,2009-02-16,15.479174613952635,58634800,MRO,-5.014638349549822
839,2009-02-23,14.560564994812012,77791400,MRO,-5.934487090239333
840,2009-03-02,13.463005065917967,96102300,MRO,-7.537893819952108
841,2009-03-09,12.448954582214355,73665800,MRO,-7.5321258421770425
842,2009-03-16,14.232489585876465,74078800,MRO,14.326785368871214
843,2009-03-23,14.97811508178711,76049600,MRO,5.238897182475806
844,2009-03-30,15.574614524841307,84810100,MRO,3.9824733606134526
845,2009-04-06,17.113584518432614,65975900,MRO,9.88127180378474
846,2009-04-13,17.113584518432614,70697200,MRO,0.0
847,2009-04-20,17.590784072875973,76423600,MRO,2.788425498640449
848,2009-04-27,18.145530700683594,73914000,MRO,3.153620813656679
849,2009-05-04,18.282724380493164,70110900,MRO,0.7560742205484342
850,2009-05-11,19.08799934387207,65613400,MRO,4.404567648780496
851,2009-05-18,17.382009506225586,56950400,MRO,-8.937499456663426
852,2009-05-25,17.358150482177734,54431300,MRO,-0.13726274881685085
853,2009-06-01,19.35642433166504,72755200,MRO,11.5120205435424
854,2009-06-08,18.706239700317386,55249600,MRO,-3.3590120789200735
855,2009-06-15,19.016420364379886,51771700,MRO,1.6581668418225033
856,2009-06-22,17.972545623779297,60787000,MRO,-5.489333537009396
857,2009-06-29,17.75780487060547,45915900,MRO,-1.194826585331945
858,2009-07-06,16.80340576171875,59681600,MRO,-5.374533146642115
859,2009-07-13,16.833229064941403,58351300,MRO,0.17748368185332805
860,2009-07-20,18.30061912536621,46162800,MRO,8.71722267167946
861,2009-07-27,19.18940544128418,47978600,MRO,4.856591516546211
862,2009-08-03,19.392215728759766,63351700,MRO,1.0568867706513665
863,2009-08-10,18.097810745239254,44533900,MRO,-6.674868935171935
864,2009-08-17,18.02622985839844,41064900,MRO,-0.3955223526671204
865,2009-08-24,19.099929809570312,33573300,MRO,5.956320093586478
866,2009-08-31,18.539220809936523,38106900,MRO,-2.9356600009746487
867,2009-09-07,18.688344955444336,35141900,MRO,0.8043711601292648
868,2009-09-14,18.97466468811035,51999900,MRO,1.5320764537932197
869,2009-09-21,19.672569274902344,46303100,MRO,3.6780865341420435
870,2009-09-28,18.90904998779297,48350700,MRO,-3.881136604172234
871,2009-10-05,18.199214935302734,55668700,MRO,-3.753943497682218
872,2009-10-12,19.547304153442386,54316500,MRO,7.407403137619061
873,2009-10-19,20.823814392089844,49078500,MRO,6.530364640704979
874,2009-10-26,20.36450958251953,50777300,MRO,-2.205670877208666
875,2009-11-02,19.201335906982425,54070800,MRO,-5.711768657250405
876,2009-11-09,20.406265258789066,40965600,MRO,6.27523708581379
877,2009-11-16,20.799955368041992,54985500,MRO,1.9292609610833227
878,2009-11-23,20.108015060424805,29879900,MRO,-3.3266432325153765
879,2009-11-30,19.475725173950195,50745600,MRO,-3.1444669430302863
880,2009-12-07,18.873260498046875,53279900,MRO,-3.0934133159218558
881,2009-12-14,19.24308967590332,52246800,MRO,1.9595404720594918
882,2009-12-21,18.58694076538086,20076400,MRO,-3.4097898080478584
883,2009-12-28,19.022384643554688,17834300,MRO,2.3427409796498893
884,2010-01-04,18.938875198364254,49319500,MRO,-0.43900618537186686
885,2010-01-11,19.66660499572754,51713500,MRO,3.8425185748419666
886,2010-01-18,18.771854400634766,47420600,MRO,-4.549593563745004
887,2010-01-25,18.342374801635746,51279400,MRO,-2.2878911685171452
888,2010-02-01,17.99640464782715,74629200,MRO,-1.8861797207292055
889,2010-02-08,17.036039352416992,62037500,MRO,-5.336428660077439
890,2010-02-15,17.566925048828125,39159100,MRO,3.1162507049258092
891,2010-02-22,17.984474182128906,48223500,MRO,2.376905076672116
892,2010-03-01,17.387975692749027,52847000,MRO,-3.3167413366614698
893,2010-03-08,18.312549591064453,56116500,MRO,5.31731763750385
894,2010-03-15,18.72413444519043,52264800,MRO,2.2475562568677385
895,2010-03-22,18.71220588684082,50515600,MRO,-0.06370686124117957
896,2010-03-29,18.51535987854004,38121500,MRO,-1.0519658103976472
897,2010-04-05,19.266950607299805,55927500,MRO,4.059282313118233
898,2010-04-12,19.153615951538086,56589800,MRO,-0.588233488898751
899,2010-04-19,18.873260498046875,42915200,MRO,-1.4637207627038054
900,2010-04-26,19.714324951171875,51117800,MRO,4.456381308423305
901,2010-05-03,19.225194931030273,81034900,MRO,-2.4810893670114043
902,2010-05-10,18.80764579772949,66285200,MRO,-2.1718850435521095
903,2010-05-17,18.658519744873047,119611000,MRO,-0.7929012193245615
904,2010-05-24,18.688344955444336,90891300,MRO,0.1598476780532624
905,2010-05-31,18.31851577758789,50728100,MRO,-1.9789295346279756
906,2010-06-07,18.43185043334961,68174000,MRO,0.6186890746922851
907,2010-06-14,19.499584197998047,55615100,MRO,5.792873420438227
908,2010-06-21,20.346614837646484,69045000,MRO,4.343839494461626
909,2010-06-28,19.60099029541016,55555100,MRO,-3.66461226197061
910,2010-07-05,18.580974578857425,44685200,MRO,-5.203898890718726
911,2010-07-12,19.1237907409668,44976000,MRO,2.921354635117065
912,2010-07-19,19.040279388427734,46142900,MRO,-0.4366882783347385
913,2010-07-26,19.58309555053711,38590500,MRO,2.8508833879784707
914,2010-08-02,20.257139205932614,50276800,MRO,3.441966841534495
915,2010-08-09,20.615039825439453,36533800,MRO,1.766787579768533
916,2010-08-16,19.296775817871094,37885600,MRO,-6.394671165959087
917,2010-08-23,18.79571533203125,49353300,MRO,-2.5966020985526637
918,2010-08-30,18.43185043334961,39300600,MRO,-1.9358927939366586
919,2010-09-06,18.97466468811035,29401500,MRO,2.9449797063164262
920,2010-09-13,19.463794708251953,40812200,MRO,2.577805869993021
921,2010-09-20,18.873260498046875,38450300,MRO,-3.034013762766994
922,2010-09-27,19.3027400970459,45102800,MRO,2.275598320933835
923,2010-10-04,20.036434173583984,53889500,MRO,3.8009840719472305
924,2010-10-11,21.062414169311523,37779400,MRO,5.120571788567999
925,2010-10-18,21.384525299072266,37818700,MRO,1.5293172338718244
926,2010-10-25,21.51575469970703,43863300,MRO,0.6136652499855061
927,2010-11-01,21.414350509643555,93853600,MRO,-0.47130203647868024
928,2010-11-08,20.20345497131348,51815900,MRO,-5.654598479579244
929,2010-11-15,20.149770736694336,42484700,MRO,-0.2657180897790475
930,2010-11-22,20.358545303344727,28845200,MRO,1.0361138564727959
931,2010-11-29,19.935029983520508,43280400,MRO,-2.0802828174301773
932,2010-12-06,20.949079513549805,44409800,MRO,5.086772033287992
933,2010-12-13,21.038555145263672,39127400,MRO,0.4271100868942457
934,2010-12-20,21.11013412475586,26218700,MRO,0.3402276391984161
935,2010-12-27,21.682775497436523,22849400,MRO,2.712637301575111
936,2011-01-03,22.30313491821289,45088500,MRO,2.861070165347191
937,2011-01-10,23.15612983703613,133644400,MRO,3.8245516693111927
938,2011-01-17,25.28563499450684,67396900,MRO,9.196291316629084
939,2011-01-24,25.05299949645996,99132000,MRO,-0.9200302784463087
940,2011-01-31,26.82460594177246,70177900,MRO,7.071434482576952
941,2011-02-07,27.83268928527832,54611800,MRO,3.7580546222900053
942,2011-02-14,27.74321556091309,79916400,MRO,-0.3214699213868514
943,2011-02-21,29.317974090576172,71595900,MRO,5.67619325238467
944,2011-02-28,29.174814224243164,84623100,MRO,-0.4883006782485166
945,2011-03-07,31.322214126586914,63985100,MRO,7.3604578450386215
946,2011-03-14,29.783245086669922,70809700,MRO,-4.913346909951314
947,2011-03-21,30.76746940612793,54726600,MRO,3.3046241824686753
948,2011-03-28,30.95238494873047,54130700,MRO,0.6010099178507986
949,2011-04-04,32.09766387939453,40648200,MRO,3.7001314521032955
950,2011-04-11,31.41765594482422,48799500,MRO,-2.118558961566208
951,2011-04-18,30.218690872192386,36702700,MRO,-3.8162142800769683
952,2011-04-25,32.15134811401367,43243100,MRO,6.39556905358776
953,2011-05-02,32.276615142822266,78421600,MRO,0.38961672264683095
954,2011-05-09,29.974124908447266,60656400,MRO,-7.133617401287608
955,2011-05-16,30.272375106811523,50825900,MRO,0.9950255404460713
956,2011-05-23,30.117284774780273,63925000,MRO,-0.5123163659410175
957,2011-05-30,32.09766387939453,48765300,MRO,6.575556592912371
958,2011-06-06,30.80922508239746,54086900,MRO,-4.014120161013333
959,2011-06-13,30.11132049560547,64117100,MRO,-2.2652455065828088
960,2011-06-20,29.95026588439941,73544200,MRO,-0.5348639931934005
961,2011-06-27,29.234464645385746,70988300,MRO,-2.389966225263174
962,2011-07-04,33.830001831054695,59348700,MRO,15.719587279646971
963,2011-07-11,32.330001831054695,44542400,MRO,-4.433934137783745
964,2011-07-18,31.46999931335449,40484200,MRO,-2.6600756850998
965,2011-07-25,31.75,36900900,MRO,0.8897384580707358
966,2011-08-01,31.40999984741211,87746800,MRO,-1.070866622324065
967,2011-08-08,24.13999938964844,102999600,MRO,-23.14549663508721
968,2011-08-15,27.059999465942386,48064800,MRO,12.096106669936708
969,2011-08-22,26.20000076293945,41779000,MRO,-3.178117959999696
970,2011-08-29,26.270000457763672,35110000,MRO,0.2671743999459672
971,2011-09-05,24.45000076293945,35873200,MRO,-6.928053532965779
972,2011-09-12,24.40999984741211,53843900,MRO,-0.16360292138711235
973,2011-09-19,24.790000915527344,41275600,MRO,1.556743426835872
974,2011-09-26,22.229999542236328,43854900,MRO,-10.326749813419916
975,2011-10-03,21.309999465942386,52618100,MRO,-4.138551935396892
976,2011-10-10,23.01000022888184,34055900,MRO,7.977479143800037
977,2011-10-17,24.3700008392334,34370000,MRO,5.910476300841165
978,2011-10-24,25.8799991607666,35829500,MRO,6.196135697715072
979,2011-10-31,27.440000534057607,47555300,MRO,6.027826212822808
980,2011-11-07,27.0,36689700,MRO,-1.60350045733964
981,2011-11-14,28.25,36578500,MRO,4.629629629629629
982,2011-11-21,25.520000457763672,24220700,MRO,-9.663715193756914
983,2011-11-28,25.8700008392334,33248800,MRO,1.3714748244185464
984,2011-12-05,28.520000457763672,35886100,MRO,10.243523512034027
985,2011-12-12,27.959999084472656,38206900,MRO,-1.9635391455212017
986,2011-12-19,27.209999084472656,32747000,MRO,-2.682403521309505
987,2011-12-26,29.20000076293945,18116100,MRO,7.313494102990928
988,2012-01-02,29.959999084472656,30626200,MRO,2.602733909849051
989,2012-01-09,30.770000457763672,36346200,MRO,2.7036094727746987
990,2012-01-16,31.040000915527344,30282500,MRO,0.8774795376889482
991,2012-01-23,32.15999984741211,31995500,MRO,3.608243875162069
992,2012-01-30,30.86000061035156,43403900,MRO,-4.042286204068998
993,2012-02-06,32.310001373291016,35934700,MRO,4.698641394235988
994,2012-02-13,33.540000915527344,31505200,MRO,3.806869359198184
995,2012-02-20,34.22999954223633,23433200,MRO,2.057240929858024
996,2012-02-27,34.970001220703125,37631900,MRO,2.1618512660326226
997,2012-03-05,33.400001525878906,28516200,MRO,-4.489561452730918
998,2012-03-12,33.310001373291016,25347200,MRO,-0.26946152238393445
999,2012-03-19,34.52000045776367,26288400,MRO,3.632539881679113
1000,2012-03-26,32.779998779296875,28838700,MRO,-5.040560994765179
1001,2012-04-02,31.61000061035156,23289800,MRO,-3.5692440894301103
1002,2012-04-09,30.04999923706055,32097900,MRO,-4.935151354537283
1003,2012-04-16,29.71999931335449,25051900,MRO,-1.098169491129551
1004,2012-04-23,28.770000457763672,26174400,MRO,-3.196496896162245
1005,2012-04-30,29.54999923706055,46174200,MRO,2.711153169573181
1006,2012-05-07,26.59000015258789,54197200,MRO,-10.016917634164724
1007,2012-05-14,25.729999542236328,37463100,MRO,-3.2343008853569417
1008,2012-05-21,24.25,40258000,MRO,-5.752038742973462
1009,2012-05-28,25.559999465942386,34638300,MRO,5.4020596533706655
1010,2012-06-04,23.96999931335449,41349800,MRO,-6.220658003950686
1011,2012-06-11,25.31999969482422,31871800,MRO,5.632041802844774
1012,2012-06-18,24.649999618530273,41564400,MRO,-2.646129875076196
1013,2012-06-25,23.399999618530273,35351000,MRO,-5.070993993283192
1014,2012-07-02,25.559999465942386,19956100,MRO,9.230768729165389
1015,2012-07-09,24.8799991607666,34449500,MRO,-2.6604081353047615
1016,2012-07-16,25.040000915527344,43959900,MRO,0.6430938913094892
1017,2012-07-23,25.959999084472656,34940200,MRO,3.6741139588969434
1018,2012-07-30,26.989999771118164,39166200,MRO,3.967645311904413
1019,2012-08-06,26.709999084472656,32871500,MRO,-1.0374238200073456
1020,2012-08-13,27.920000076293945,27111800,MRO,4.53014239347054
1021,2012-08-20,27.07999992370605,35666900,MRO,-3.008596526835663
1022,2012-08-27,27.86000061035156,28406100,MRO,2.880357048903419
1023,2012-09-03,27.75,25616400,MRO,-0.3948334814848767
1024,2012-09-10,28.649999618530273,39022500,MRO,3.243241868577562
1025,2012-09-17,31.020000457763672,43072700,MRO,8.272254348305566
1026,2012-09-24,30.399999618530273,35873000,MRO,-1.9987131853127518
1027,2012-10-01,29.709999084472656,31372200,MRO,-2.269738627355207
1028,2012-10-08,29.34000015258789,28732700,MRO,-1.245368371883048
1029,2012-10-15,29.15999984741211,34013200,MRO,-0.6134979694603191
1030,2012-10-22,30.459999084472656,35854500,MRO,4.458159272507401
1031,2012-10-29,30.020000457763672,13102400,MRO,-1.4445129347796954
1032,2012-11-05,29.51000022888184,48906700,MRO,-1.6988681582446072
1033,2012-11-12,30.459999084472656,41704900,MRO,3.2192438096325056
1034,2012-11-19,31.10000038146973,25759100,MRO,2.1011205391773045
1035,2012-11-26,31.489999771118164,34228900,MRO,1.2540173146776123
1036,2012-12-03,31.040000915527344,26851900,MRO,-1.4290214635172782
1037,2012-12-10,30.920000076293945,35121000,MRO,-0.3866006304573581
1038,2012-12-17,30.86000061035156,24618200,MRO,-0.19404743141765826
1039,2012-12-24,30.920000076293945,11540200,MRO,0.19442470756873664
1040,2012-12-31,29.690000534057607,17426300,MRO,-3.978006271673201
1041,2013-01-07,31.809999465942386,19168100,MRO,7.140447604414513
1042,2013-01-14,32.09999847412109,25711600,MRO,0.9116598964083287
1043,2013-01-21,33.09999847412109,18978100,MRO,3.115264945592432
1044,2013-01-28,33.959999084472656,22916000,MRO,2.598189274914779
1045,2013-02-04,33.970001220703125,31673800,MRO,0.029452698763593226
1046,2013-02-11,34.56999969482422,27507400,MRO,1.7662597955852375
1047,2013-02-18,34.97999954223633,26932500,MRO,1.1859989905452444
1048,2013-02-25,34.939998626708984,30768300,MRO,-0.11435367653177053
1049,2013-03-04,32.75,24533000,MRO,-6.26788412359838
1050,2013-03-11,33.34999847412109,20264900,MRO,1.8320564095300356
1051,2013-03-18,34.61999893188477,24900100,MRO,3.808097498862497
1052,2013-03-25,34.36999893188477,16542800,MRO,-0.7221259610431465
1053,2013-04-01,33.81999969482422,21808800,MRO,-1.6002305910761145
1054,2013-04-08,32.5,21315800,MRO,-3.9030150997494837
1055,2013-04-15,32.09999847412109,29595300,MRO,-1.230773925781272
1056,2013-04-22,29.8700008392334,28239400,MRO,-6.947033460719647
1057,2013-04-29,32.259998321533196,25746200,MRO,8.001330482591094
1058,2013-05-06,33.470001220703125,29240400,MRO,3.7507841355412137
1059,2013-05-13,34.189998626708984,26930900,MRO,2.151172332675326
1060,2013-05-20,36.11000061035156,25041100,MRO,5.615683125949839
1061,2013-05-27,35.630001068115234,17521300,MRO,-1.3292703797372074
1062,2013-06-03,34.610000610351555,22796400,MRO,-2.8627573033570926
1063,2013-06-10,35.080001831054695,21074900,MRO,1.357992523590323
1064,2013-06-17,34.709999084472656,31152100,MRO,-1.0547398154765548
1065,2013-06-24,33.779998779296875,28481000,MRO,-2.679344078668709
1066,2013-07-01,34.709999084472656,13821000,MRO,2.753109351045213
1067,2013-07-08,35.790000915527344,17781100,MRO,3.1115006036915194
1068,2013-07-15,36.810001373291016,18034300,MRO,2.849959294974896
1069,2013-07-22,37.52999877929688,17673900,MRO,1.9559831000937957
1070,2013-07-29,36.310001373291016,17641500,MRO,-3.25072594108068
1071,2013-08-05,37.5099983215332,36476500,MRO,3.304866160442736
1072,2013-08-12,34.189998626708984,29688100,MRO,-8.85097265631793
1073,2013-08-19,34.0,28546000,MRO,-0.5557140518881413
1074,2013-08-26,33.40999984741211,29592100,MRO,-1.7352945664349726
1075,2013-09-02,34.860000610351555,28474500,MRO,4.340020262082584
1076,2013-09-09,35.86000061035156,35277000,MRO,2.868617276223055
1077,2013-09-16,35.880001068115234,30183200,MRO,0.05577372399123281
1078,2013-09-23,35.650001525878906,22481400,MRO,-0.641024346124441
1079,2013-09-30,34.77000045776367,30131100,MRO,-2.4684460882180543
1080,2013-10-07,34.36999893188477,20539100,MRO,-1.1504213995188033
1081,2013-10-14,34.580001831054695,23917100,MRO,0.6110064175041445
1082,2013-10-21,35.09000015258789,24922400,MRO,1.4748360165648984
1083,2013-10-28,35.630001068115234,24241800,MRO,1.5389025738933162
1084,2013-11-04,35.36000061035156,36772300,MRO,-0.7577896426315052
1085,2013-11-11,36.45000076293945,21013500,MRO,3.0825795638385687
1086,2013-11-18,36.15999984741211,28742300,MRO,-0.7956129203218077
1087,2013-11-25,37.54999923706055,17337200,MRO,3.84402487697443
1088,2013-12-02,36.02000045776367,29054400,MRO,-4.074564075588101
1089,2013-12-09,36.54999923706055,32921700,MRO,1.4714013674662247
1090,2013-12-16,35.84000015258789,38711900,MRO,-1.942541995329892
1091,2013-12-23,35.36000061035156,9842200,MRO,-1.3392844313413568
1092,2013-12-30,35.70000076293945,13643100,MRO,0.9615388764681085
1093,2014-01-06,34.61999893188477,24037200,MRO,-3.025215148386892
1094,2014-01-13,34.669998168945305,24885000,MRO,0.14442298845504506
1095,2014-01-20,34.330001831054695,17417300,MRO,-0.9806644241335816
1096,2014-01-27,33.0,21599000,MRO,-3.874167667103308
1097,2014-02-03,32.779998779296875,44043200,MRO,-0.6666703657670455
1098,2014-02-10,32.490001678466804,30057700,MRO,-0.884676972633772
1099,2014-02-17,33.279998779296875,24999000,MRO,2.431508341083443
1100,2014-02-24,33.490001678466804,31819600,MRO,0.6310183499783345
1101,2014-03-03,33.380001068115234,28568400,MRO,-0.32845806162588853
1102,2014-03-10,34.150001525878906,27596400,MRO,2.306771818827713
1103,2014-03-17,33.080001831054695,28843900,MRO,-3.133234691112282
1104,2014-03-24,34.34000015258789,30506600,MRO,3.8089427200404216
1105,2014-03-31,35.34000015258789,26202500,MRO,2.912055898533941
1106,2014-04-07,35.40999984741211,31928100,MRO,0.19807497035082147
1107,2014-04-14,35.40999984741211,26396300,MRO,0.0
1108,2014-04-21,36.810001373291016,36633100,MRO,3.953689725816882
1109,2014-04-28,36.2400016784668,34516000,MRO,-1.5484913707115615
1110,2014-05-05,36.459999084472656,37665200,MRO,0.6070568317235432
1111,2014-05-12,36.13999938964844,31033200,MRO,-0.8776733484902859
1112,2014-05-19,35.54999923706055,24446700,MRO,-1.6325405715332804
1113,2014-05-26,36.310001373291016,21065700,MRO,2.1378400915355678
1114,2014-06-02,36.75,31435300,MRO,1.2117835584347827
1115,2014-06-09,37.400001525878906,35867900,MRO,1.7687116350446428
1116,2014-06-16,39.22000122070313,30761300,MRO,4.866309145909736
1117,2014-06-23,39.810001373291016,33113600,MRO,1.5043348654370747
1118,2014-06-30,39.54999923706055,21456000,MRO,-0.6531075791544865
1119,2014-07-07,40.02999877929688,29346400,MRO,1.21365246901585
1120,2014-07-14,39.43000030517578,21605600,MRO,-1.4988720769869572
1121,2014-07-21,39.650001525878906,19994900,MRO,0.5579538904397283
1122,2014-07-28,40.45000076293945,23603600,MRO,2.017652474838873
1123,2014-08-04,38.77000045776367,34120100,MRO,-4.153276325065012
1124,2014-08-11,39.22999954223633,30728000,MRO,1.1864820197094985
1125,2014-08-18,39.0,22230600,MRO,-0.5862848455776886
1126,2014-08-25,40.08000183105469,24247000,MRO,2.7692354642427883
1127,2014-09-01,41.70000076293945,24363000,MRO,4.041913318051702
1128,2014-09-08,40.7400016784668,24705600,MRO,-2.302156035752037
1129,2014-09-15,39.5,28265500,MRO,-3.0436956980347945
1130,2014-09-22,39.09000015258789,19965800,MRO,-1.0379742972458463
1131,2014-09-29,38.06999969482422,25726300,MRO,-2.609364169306979
1132,2014-10-06,36.75,29711000,MRO,-3.4672963104953167
1133,2014-10-13,34.279998779296875,50246200,MRO,-6.721091757015306
1134,2014-10-20,33.799999237060554,28294600,MRO,-1.4002320867240312
1135,2014-10-27,33.900001525878906,33694300,MRO,0.2958647664959209
1136,2014-11-03,35.560001373291016,44693100,MRO,4.896754491721432
1137,2014-11-10,34.65999984741211,40704400,MRO,-2.530937826551644
1138,2014-11-17,31.88999938964844,32379700,MRO,-7.991922879279789
1139,2014-11-24,33.669998168945305,25647700,MRO,5.5816833282055685
1140,2014-12-01,28.520000457763672,51663900,MRO,-15.295509329524132
1141,2014-12-08,28.96999931335449,54176900,MRO,1.5778360742217965
1142,2014-12-15,25.790000915527344,76261200,MRO,-10.976867356573393
1143,2014-12-22,28.18000030517578,25274000,MRO,9.267155117507167
1144,2014-12-29,28.5,20739900,MRO,1.1355560374690443
1145,2015-01-05,28.040000915527344,47693900,MRO,-1.6140318753426535
1146,2015-01-12,27.13999938964844,42895300,MRO,-3.2097057649542395
1147,2015-01-19,26.239999771118164,26194200,MRO,-3.3161372099129416
1148,2015-01-26,26.53000068664551,36007100,MRO,1.1051864255217922
1149,2015-02-02,27.059999465942386,51246200,MRO,1.9977337564249
1150,2015-02-09,28.18000030517578,33368000,MRO,4.138953663480385
1151,2015-02-16,29.3799991607666,36282100,MRO,4.258335140508917
1152,2015-02-23,28.03000068664551,30684700,MRO,-4.594957497220927
1153,2015-03-02,27.86000061035156,26153700,MRO,-0.6064933004976575
1154,2015-03-09,26.65999984741211,33466400,MRO,-4.3072531825199665
1155,2015-03-16,25.54999923706055,35655200,MRO,-4.163543198441942
1156,2015-03-23,26.270000457763672,31939400,MRO,2.8180087757449006
1157,2015-03-30,26.209999084472656,26482300,MRO,-0.22840263511789619
1158,2015-04-06,27.399999618530273,39113800,MRO,4.5402540084886835
1159,2015-04-13,29.770000457763672,36104000,MRO,8.649638219814415
1160,2015-04-20,30.90999984741211,32438300,MRO,3.8293563054048887
1161,2015-04-27,30.5,29928600,MRO,-1.3264310884376662
1162,2015-05-04,30.95000076293945,48556500,MRO,1.475412337506392
1163,2015-05-11,29.32999992370605,34207300,MRO,-5.234251370918352
1164,2015-05-18,27.40999984741211,31218700,MRO,-6.5461987087906435
1165,2015-05-25,27.739999771118164,21209700,MRO,1.2039398961806684
1166,2015-06-01,27.229999542236328,28294800,MRO,-1.838501200756421
1167,2015-06-08,26.790000915527344,19983000,MRO,-1.6158598388020702
1168,2015-06-15,26.239999771118164,23377600,MRO,-2.053009054174395
1169,2015-06-22,26.18000030517578,44924000,MRO,-0.22865650329929885
1170,2015-06-29,27.239999771118164,36752500,MRO,4.048890197044119
1171,2015-07-06,25.28000068664551,38281000,MRO,-7.195297727391272
1172,2015-07-13,24.3799991607666,36217300,MRO,-3.5601325214929584
1173,2015-07-20,23.59000015258789,54250400,MRO,-3.2403569949666484
1174,2015-07-27,21.100000381469727,50935500,MRO,-10.555319012344322
1175,2015-08-03,20.700000762939453,70286000,MRO,-1.895732754969796
1176,2015-08-10,18.420000076293945,61560200,MRO,-11.014495664790216
1177,2015-08-17,17.149999618530273,77231500,MRO,-6.8946821525702875
1178,2015-08-24,14.510000228881836,92778800,MRO,-15.39358278933117
1179,2015-08-31,16.40999984741211,79938000,MRO,13.094414807439946
1180,2015-09-07,16.579999923706055,81966100,MRO,1.035954161332638
1181,2015-09-14,14.989999771118164,94264400,MRO,-9.589868274453437
1182,2015-09-21,16.020000457763672,64662500,MRO,6.871252183939666
1183,2015-09-28,15.479999542236328,60465600,MRO,-3.370792135437465
1184,2015-10-05,17.079999923706055,101012300,MRO,10.335920082582776
1185,2015-10-12,19.559999465942386,50238400,MRO,14.519903707928213
1186,2015-10-19,18.93000030517578,42949100,MRO,-3.2208546930870385
1187,2015-10-26,18.26000022888184,64186800,MRO,-3.539355866311066
1188,2015-11-02,18.170000076293945,66540600,MRO,-0.4928814428246334
1189,2015-11-09,18.280000686645508,52560900,MRO,0.6053968623537772
1190,2015-11-16,17.209999084472653,45632400,MRO,-5.853400229653968
1191,2015-11-23,17.389999389648438,31055100,MRO,1.0459053733372141
1192,2015-11-30,17.569999694824222,56854500,MRO,1.035079422043751
1193,2015-12-07,15.539999961853027,70670900,MRO,-11.553783541437356
1194,2015-12-14,14.15999984741211,89536500,MRO,-8.880309638535952
1195,2015-12-21,12.539999961853027,43493000,MRO,-11.440677281187645
1196,2015-12-28,13.529999732971193,37700300,MRO,7.894735040907243
1197,2016-01-04,12.5600004196167,92511400,MRO,-7.169248577224338
1198,2016-01-11,10.399999618530273,148030300,MRO,-17.197458032826592
1199,2016-01-18,8.210000038146973,151139200,MRO,-21.057689045307786
1200,2016-01-25,8.75,104817200,MRO,6.577344206382091
1201,2016-02-01,9.380000114440918,124536600,MRO,7.200001307896205
1202,2016-02-08,8.260000228881836,159550600,MRO,-11.940297141732373
1203,2016-02-15,7.760000228881836,179844500,MRO,-6.053268597399125
1204,2016-02-22,6.96999979019165,138657500,MRO,-10.180417724085808
1205,2016-02-29,8.489999771118164,539490200,MRO,21.807747872037154
1206,2016-03-07,11.119999885559082,189823000,MRO,30.977622913345936
1207,2016-03-14,10.859999656677246,156977400,MRO,-2.3381315787555326
1208,2016-03-21,11.470000267028807,109756800,MRO,5.616948707512188
1209,2016-03-28,10.329999923706056,138081400,MRO,-9.93897399113188
1210,2016-04-04,10.520000457763672,117246000,MRO,1.839308184519808
1211,2016-04-11,11.920000076293945,139878400,MRO,13.307980585657535
1212,2016-04-18,12.289999961853027,128495200,MRO,3.104025865695455
1213,2016-04-25,14.25,125272000,MRO,15.947925502283347
1214,2016-05-02,14.020000457763672,125436400,MRO,-1.6140318753426535
1215,2016-05-09,11.890000343322756,101344900,MRO,-15.192582345897247
1216,2016-05-16,12.770000457763672,82966000,MRO,7.401178208839252
1217,2016-05-23,12.869999885559082,85683600,MRO,0.7830808473825412
1218,2016-05-30,13.109999656677244,65553200,MRO,1.8648001029701367
1219,2016-06-06,13.649999618530273,91643200,MRO,4.118992951902892
1220,2016-06-13,13.239999771118164,76830000,MRO,-3.003661969744839
1221,2016-06-20,13.850000381469727,148206000,MRO,4.607255444839376
1222,2016-06-27,14.300000190734865,102381200,MRO,3.2490960062875147
1223,2016-07-04,15.210000038146973,73027300,MRO,6.363635211709348
1224,2016-07-11,15.0,84583800,MRO,-1.380670858779017
1225,2016-07-18,15.039999961853027,82824800,MRO,0.26666641235351557
1226,2016-07-25,13.9399995803833,84790200,MRO,-7.313832342152475
1227,2016-08-01,13.420000076293945,96616700,MRO,-3.7302691516656226
1228,2016-08-08,14.100000381469727,74454400,MRO,5.067066328687901
1229,2016-08-15,14.9399995803833,95102000,MRO,5.9574409658705
1230,2016-08-22,16.200000762939453,99695300,MRO,8.433743092004999
1231,2016-08-29,15.84000015258789,70197300,MRO,-2.2222258851686694
1232,2016-09-05,15.56999969482422,66227800,MRO,-1.7045483280475744
1233,2016-09-12,15.399999618530273,91785800,MRO,-1.0918437997815666
1234,2016-09-19,14.5,86762100,MRO,-5.84415351184383
1235,2016-09-26,14.550000190734865,113195000,MRO,0.3448289016197591
1236,2016-10-03,15.890000343322756,72272600,MRO,9.209622921112913
1237,2016-10-10,15.84000015258789,62061500,MRO,-0.3146645038045954
1238,2016-10-17,14.390000343322756,66116000,MRO,-9.15403911172462
1239,2016-10-24,14.59000015258789,70906300,MRO,1.3898527066953044
1240,2016-10-31,13.649999618530273,126258500,MRO,-6.442772612931641
1241,2016-11-07,14.100000381469727,82332400,MRO,3.2967089781347982
1242,2016-11-14,14.699999809265135,83824300,MRO,4.255314975621773
1243,2016-11-21,16.079999923706055,56767300,MRO,9.38775600235812
1244,2016-11-28,16.549999237060547,167816200,MRO,2.922881315823841
1245,2016-12-05,18.549999237060547,67670500,MRO,12.084592702103478
1246,2016-12-12,19.149999618530273,99530800,MRO,3.2345035371807564
1247,2016-12-19,18.649999618530273,45808900,MRO,-2.6109661094519336
1248,2016-12-26,18.100000381469727,28658400,MRO,-2.949057631690665
1249,2017-01-02,17.739999771118164,40421600,MRO,-1.9889536064326327
1250,2017-01-09,17.639999389648438,41312800,MRO,-0.5637000155576861
1251,2017-01-16,17.6299991607666,33598000,MRO,-0.05669064188122537
1252,2017-01-23,17.479999542236328,39307200,MRO,-0.8508203384608161
1253,2017-01-30,17.270000457763672,57959600,MRO,-1.2013677916022971
1254,2017-02-06,17.25,58400300,MRO,-0.11581040667940885
1255,2017-02-13,16.079999923706055,76915500,MRO,-6.782609137935915
1256,2017-02-20,16.420000076293945,56401800,MRO,2.1144288196584062
1257,2017-02-27,15.899999618530273,55774400,MRO,-3.1668724442602922
1258,2017-03-06,16.100000381469727,105493200,MRO,1.257866463759955
1259,2017-03-13,16.049999237060547,77784200,MRO,-0.3105661069842485
1260,2017-03-20,15.289999961853027,62726200,MRO,-4.735198201459282
1261,2017-03-27,14.40999984741211,61639300,MRO,-5.7553964462814085
1262,2017-04-03,15.8100004196167,62132200,MRO,9.715479438093235
1263,2017-04-10,16.379999160766598,53103800,MRO,3.605305034923699
1264,2017-04-17,15.90999984741211,63455600,MRO,-2.869348824389636
1265,2017-04-24,15.3100004196167,72879900,MRO,-3.7712095131981087
1266,2017-05-01,14.869999885559082,71920600,MRO,-2.873942011744458
1267,2017-05-08,14.289999961853027,66445300,MRO,-3.9004702634148534
1268,2017-05-15,14.93000030517578,66946700,MRO,4.478658817573302
1269,2017-05-22,14.609999656677244,71813400,MRO,-2.143339865757408
1270,2017-05-29,13.420000076293945,51306700,MRO,-8.145103411001317
1271,2017-06-05,12.609999656677244,78946100,MRO,-6.035770603664481
1272,2017-06-12,12.75,70862700,MRO,1.1102327290597724
1273,2017-06-19,12.539999961853027,75453300,MRO,-1.6470591227213542
1274,2017-06-26,11.5600004196167,92800600,MRO,-7.814988398863712
1275,2017-07-03,11.970000267028807,61147200,MRO,3.546711354061544
1276,2017-07-10,11.40999984741211,72532700,MRO,-4.678365974303364
1277,2017-07-17,11.630000114440918,79168700,MRO,1.928135582567134
1278,2017-07-24,11.869999885559082,74802600,MRO,2.063626558525631
1279,2017-07-31,12.329999923706055,102078600,MRO,3.8753162812293187
1280,2017-08-07,12.779999732971193,71360200,MRO,3.649633512162108
1281,2017-08-14,12.079999923706055,84563600,MRO,-5.477306916205992
1282,2017-08-21,10.8100004196167,42877100,MRO,-10.513240994290744
1283,2017-08-28,11.050000190734863,48356500,MRO,2.2201643089915244
1284,2017-09-04,11.380000114440918,57374700,MRO,2.986424597374677
1285,2017-09-11,11.3100004196167,57435500,MRO,-0.6151115476298721
1286,2017-09-18,11.9399995803833,64015300,MRO,5.570284150245438
1287,2017-09-25,12.960000038146973,81136900,MRO,8.542717701929163
1288,2017-10-02,13.199999809265135,53958300,MRO,1.8518500803374809
1289,2017-10-09,13.600000381469727,42845200,MRO,3.030307408973064
1290,2017-10-16,13.850000381469727,45292200,MRO,1.838235242556537
1291,2017-10-23,13.920000076293945,52235500,MRO,0.5054129450990713
1292,2017-10-30,13.880000114440918,89852100,MRO,-0.2873560462197707
1293,2017-11-06,15.729999542236328,84362800,MRO,13.328526026960539
1294,2017-11-13,15.619999885559082,62183200,MRO,-0.6992985370526431
1295,2017-11-20,14.850000381469727,52841300,MRO,-4.929574326061497
1296,2017-11-27,14.869999885559082,69687600,MRO,0.13467679175491096
1297,2017-12-04,14.970000267028807,54381900,MRO,0.6724975268280909
1298,2017-12-11,15.140000343322756,61853900,MRO,1.1356050318073234
1299,2017-12-18,15.09000015258789,67207800,MRO,-0.33025224307155854
1300,2017-12-25,17.040000915527347,32263900,MRO,12.922470134004852
1301,2018-01-01,17.110000610351562,44806000,MRO,0.4107963090567057
1302,2018-01-08,17.8700008392334,50641100,MRO,4.441848052431017
1303,2018-01-15,18.88999938964844,51450500,MRO,5.707881939074376
1304,2018-01-22,18.649999618530273,54874400,MRO,-1.2705123286011615
1305,2018-01-29,18.6299991607666,50220900,MRO,-0.10724106258854725
1306,2018-02-05,16.700000762939453,81617900,MRO,-10.35962686402897
1307,2018-02-12,15.760000228881836,85035100,MRO,-5.628745455770643
1308,2018-02-19,15.630000114440918,71312900,MRO,-0.8248738106150485
1309,2018-02-26,15.56999969482422,67044500,MRO,-0.38387984118606416
1310,2018-03-05,14.81999969482422,49289100,MRO,-4.81695577842121
1311,2018-03-12,15.130000114440918,68749000,MRO,2.0917707557373486
1312,2018-03-19,15.050000190734865,61860900,MRO,-0.528750317917688
1313,2018-03-26,16.030000686645508,46216500,MRO,6.511631119539481
1314,2018-04-02,16.010000228881836,61070100,MRO,-0.12476891395478311
1315,2018-04-09,16.40999984741211,68677200,MRO,2.498436057537833
1316,2018-04-16,18.200000762939453,87366600,MRO,10.907988617742923
1317,2018-04-23,17.940000534057614,49961000,MRO,-1.4285726262785456
1318,2018-04-30,18.06999969482422,84654400,MRO,0.7246329815866639
1319,2018-05-07,20.040000915527344,81464900,MRO,10.902054532227751
1320,2018-05-14,21.190000534057614,50810400,MRO,5.738520788385943
1321,2018-05-21,21.6299991607666,59772600,MRO,2.076444623027736
1322,2018-05-28,20.38999938964844,44742600,MRO,-5.732777712573028
1323,2018-06-04,21.71999931335449,52931200,MRO,6.522805117793479
1324,2018-06-11,21.01000022888184,63670700,MRO,-3.26887249962346
1325,2018-06-18,19.989999771118164,70939900,MRO,-4.8548331587427125
1326,2018-06-25,21.3799991607666,69020600,MRO,6.953473764700729
1327,2018-07-02,20.649999618530273,39310700,MRO,-3.4144039798463366
1328,2018-07-09,21.239999771118164,55809700,MRO,2.857143648847597
1329,2018-07-16,20.920000076293945,76232000,MRO,-1.5065899165373324
1330,2018-07-23,20.709999084472656,36965300,MRO,-1.0038288291368471
1331,2018-07-30,21.1200008392334,60696800,MRO,1.9797285025866636
1332,2018-08-06,20.61000061035156,45278200,MRO,-2.414773715039072
1333,2018-08-13,20.290000915527344,51992300,MRO,-1.5526428207066256
1334,2018-08-20,19.780000686645508,42015100,MRO,-2.513554489253609
1335,2018-08-27,20.68000030517578,52587100,MRO,4.550048469603488
1336,2018-09-03,21.68000030517578,37062600,MRO,4.835589870613881
1337,2018-09-10,20.649999618530273,40007100,MRO,-4.750925609533365
1338,2018-09-17,21.0,42397300,MRO,1.6949171328587043
1339,2018-09-24,22.209999084472656,67033000,MRO,5.761900402250744
1340,2018-10-01,23.43000030517578,57262800,MRO,5.493026884256137
1341,2018-10-08,23.1200008392334,71284900,MRO,-1.3230877588759684
1342,2018-10-15,20.920000076293945,56487000,MRO,-9.515573888761155
1343,2018-10-22,20.520000457763672,69453100,MRO,-1.912044058659176
1344,2018-10-29,18.82999992370605,71418100,MRO,-8.235869865286553
1345,2018-11-05,18.51000022888184,83217000,MRO,-1.6994142120061704
1346,2018-11-12,18.059999465942386,81806000,MRO,-2.43112240613212
1347,2018-11-19,16.799999237060547,45176000,MRO,-6.97674565969923
1348,2018-11-26,15.850000381469727,57624000,MRO,-5.654755349602262
1349,2018-12-03,17.6200008392334,69109600,MRO,11.167195048354596
1350,2018-12-10,15.6899995803833,81326500,MRO,-10.953468597757835
1351,2018-12-17,14.9399995803833,91631200,MRO,-4.780114850593755
1352,2018-12-24,13.25,45278400,MRO,-11.311911832998472
1353,2018-12-31,14.229999542236328,45622600,MRO,7.396222960274175
1354,2019-01-07,15.539999961853027,59576100,MRO,9.205906266746268
1355,2019-01-14,15.859999656677244,58455000,MRO,2.0592001004487743
1356,2019-01-21,15.880000114440918,40457400,MRO,0.12610629379965482
1357,2019-01-28,15.600000381469727,50844200,MRO,-1.7632224871117343
1358,2019-02-04,15.84000015258789,54770500,MRO,1.538460033650031
1359,2019-02-11,14.9399995803833,103302100,MRO,-5.6818217394874875
1360,2019-02-18,16.889999389648438,48268000,MRO,13.052207925263593
1361,2019-02-25,16.709999084472653,59103900,MRO,-1.0657212059232142
1362,2019-03-04,17.170000076293945,56245300,MRO,2.7528486955378533
1363,2019-03-11,16.440000534057614,50236200,MRO,-4.251598945792773
1364,2019-03-18,17.379999160766598,62030000,MRO,5.7177530180832665
1365,2019-03-25,16.59000015258789,58618500,MRO,-4.545449058260266
1366,2019-04-01,16.899999618530273,53350800,MRO,1.868592303141273
1367,2019-04-08,17.770000457763672,47867300,MRO,5.147934076160997
1368,2019-04-15,17.670000076293945,40928200,MRO,-0.5627483336728707
1369,2019-04-22,17.93000030517578,65925600,MRO,1.4714217756606125
1370,2019-04-29,17.350000381469727,75293400,MRO,-3.234801527240512
1371,2019-05-06,15.34000015258789,57379600,MRO,-11.585015473708985
1372,2019-05-13,15.130000114440918,45853000,MRO,-1.3689702480970656
1373,2019-05-20,15.40999984741211,57085500,MRO,1.8506261127119492
1374,2019-05-27,14.5,48909600,MRO,-5.90525539534597
1375,2019-06-03,13.279999732971193,65685100,MRO,-8.413794945026254
1376,2019-06-10,13.31999969482422,49030500,MRO,0.30120453808230596
1377,2019-06-17,12.899999618530273,62994700,MRO,-3.1531537981727378
1378,2019-06-24,14.100000381469727,46441500,MRO,9.302331770736687
1379,2019-07-01,14.579999923706055,33946800,MRO,3.404251980497428
1380,2019-07-08,13.670000076293945,35164000,MRO,-6.241425597900817
1381,2019-07-15,13.93000030517578,52562100,MRO,1.9019767917391444
1382,2019-07-22,13.630000114440918,41926900,MRO,-2.153626591259977
1383,2019-07-29,13.720000267028807,61007800,MRO,0.6603092577566022
1384,2019-08-05,12.989999771118164,83399900,MRO,-5.320703219408399
1385,2019-08-12,12.789999961853027,59054000,MRO,-1.539644440254836
1386,2019-08-19,12.68000030517578,52356100,MRO,-0.8600442299087468
1387,2019-08-26,11.90999984741211,45382600,MRO,-6.072558669019652
1388,2019-09-02,11.5,41037300,MRO,-3.442484069394821
1389,2019-09-09,12.640000343322756,56733300,MRO,9.913046463676137
1390,2019-09-16,14.079999923706055,94483800,MRO,11.392401434102787
1391,2019-09-23,13.0,65599600,MRO,-7.670454045157292
1392,2019-09-30,12.079999923706055,60024200,MRO,-7.07692366379958
1393,2019-10-07,11.5600004196167,54682100,MRO,-4.304631683555702
1394,2019-10-14,11.529999732971193,54064600,MRO,-0.2595215013538969
1395,2019-10-21,11.270000457763672,44012500,MRO,-2.2549807565391973
1396,2019-10-28,12.050000190734865,51722100,MRO,6.921026630783031
1397,2019-11-04,12.31999969482422,77522200,MRO,2.240659749507354
1398,2019-11-11,12.270000457763672,54199400,MRO,-0.4058379732067196
1399,2019-11-18,11.949999809265135,60149400,MRO,-2.607992148004045
1400,2019-11-25,12.119999885559082,54563000,MRO,1.4225948034086309
1401,2019-12-02,11.789999961853027,57192800,MRO,-2.722771673449006
1402,2019-12-09,12.34000015258789,45902800,MRO,4.664971946687098
1403,2019-12-16,12.859999656677244,66385600,MRO,4.213934340837927
1404,2019-12-23,13.1899995803833,28810100,MRO,2.566095898258535
1405,2019-12-30,13.520000457763672,38824800,MRO,2.501902106738212
1406,2020-01-06,13.84000015258789,51212000,MRO,2.366861567970313
